#
# There is insufficient memory for the Java Runtime Environment to continue.
# Native memory allocation (mmap) failed to map 444596224 bytes. Error detail: G1 virtual space
# Possible reasons:
#   The system is out of physical RAM or swap space
#   This process is running with CompressedOops enabled, and the Java Heap may be blocking the growth of the native heap
# Possible solutions:
#   Reduce memory load on the system
#   Increase physical memory or swap space
#   Check if swap backing store is full
#   Decrease Java heap size (-Xmx/-Xms)
#   Decrease number of Java threads
#   Decrease Java thread stack sizes (-Xss)
#   Set larger code cache with -XX:ReservedCodeCacheSize=
#   JVM is running with Zero Based Compressed Oops mode in which the Java heap is
#     placed in the first 32GB address space. The Java Heap base address is the
#     maximum limit for the native heap growth. Please use -XX:HeapBaseMinAddress
#     to set the Java Heap base and to place the Java Heap above 32GB virtual address.
# This output file may be truncated or incomplete.
#
#  Out of Memory Error (os_windows.cpp:3828), pid=49924, tid=42272
#
# JRE version: OpenJDK Runtime Environment (21.0.5) (build 21.0.5+-12932927-b750.29)
# Java VM: OpenJDK 64-Bit Server VM (21.0.5+-12932927-b750.29, mixed mode, tiered, compressed oops, compressed class ptrs, g1 gc, windows-amd64)
# No core dump will be written. Minidumps are not enabled by default on client versions of Windows
#

---------------  S U M M A R Y ------------

Command Line: --add-opens=java.base/java.lang=ALL-UNNAMED --add-opens=java.base/java.lang.invoke=ALL-UNNAMED --add-opens=java.base/java.util=ALL-UNNAMED --add-opens=java.prefs/java.util.prefs=ALL-UNNAMED --add-exports=jdk.compiler/com.sun.tools.javac.api=ALL-UNNAMED --add-exports=jdk.compiler/com.sun.tools.javac.util=ALL-UNNAMED --add-opens=java.base/java.util=ALL-UNNAMED --add-opens=java.prefs/java.util.prefs=ALL-UNNAMED --add-opens=java.base/java.nio.charset=ALL-UNNAMED --add-opens=java.base/java.net=ALL-UNNAMED --add-opens=java.base/java.util.concurrent=ALL-UNNAMED --add-opens=java.base/java.util.concurrent.atomic=ALL-UNNAMED --add-opens=java.xml/javax.xml.namespace=ALL-UNNAMED --add-opens=java.base/java.time=ALL-UNNAMED -XX:MaxMetaspaceSize=4G -XX:ReservedCodeCacheSize=512m -XX:+HeapDumpOnOutOfMemoryError -Xmx8G -Dfile.encoding=UTF-8 -Duser.country=US -Duser.language=en -Duser.variant -javaagent:C:\Users\Amirw\.gradle\wrapper\dists\gradle-9.1.0-all\7wzd0jkjit61aq2p43wpjgij9\gradle-9.1.0\lib\agents\gradle-instrumentation-agent-9.1.0.jar org.gradle.launcher.daemon.bootstrap.GradleDaemon 9.1.0

Host: Intel(R) Core(TM) i9-10900KF CPU @ 3.70GHz, 20 cores, 31G,  Windows 11 , 64 bit Build 22621 (10.0.22621.3958)
Time: Wed Aug 12 21:10:01 2026 Jerusalem Daylight Time elapsed time: 2847.201819 seconds (0d 0h 47m 27s)

---------------  T H R E A D  ---------------

Current thread (0x000001df6aa9be40):  VMThread "VM Thread"          [id=42272, stack(0x00000040d8300000,0x00000040d8400000) (1024K)]

Stack: [0x00000040d8300000,0x00000040d8400000]
Native frames: (J=compiled Java code, j=interpreted, Vv=VM code, C=native code)
V  [jvm.dll+0x6cfb29]
V  [jvm.dll+0x85ded3]
V  [jvm.dll+0x86042e]
V  [jvm.dll+0x860b13]
V  [jvm.dll+0x27e6b6]
V  [jvm.dll+0x6cc385]
V  [jvm.dll+0x6c078a]
V  [jvm.dll+0x35525b]
V  [jvm.dll+0x35ceb6]
V  [jvm.dll+0x3aedd6]
V  [jvm.dll+0x3af0a8]
V  [jvm.dll+0x32792c]
V  [jvm.dll+0x3279b7]
V  [jvm.dll+0x36d80c]
V  [jvm.dll+0x36bfbe]
V  [jvm.dll+0x327081]
V  [jvm.dll+0x36b6d0]
V  [jvm.dll+0x866898]
V  [jvm.dll+0x867c14]
V  [jvm.dll+0x868150]
V  [jvm.dll+0x8683e3]
V  [jvm.dll+0x806368]
V  [jvm.dll+0x6ce3fd]
C  [ucrtbase.dll+0x29333]
C  [KERNEL32.DLL+0x1257d]
C  [ntdll.dll+0x5af08]

VM_Operation (0x00000040e44fa1b0): G1CollectForAllocation, mode: safepoint, requested by thread 0x000001df00528890


---------------  P R O C E S S  ---------------

Threads class SMR info:
_java_thread_list=0x000001df08303a10, length=286, elements={
0x000001df3c984860, 0x000001df6dbd68c0, 0x000001df6dbd7310, 0x000001df6dbbe180,
0x000001df6dbbd2d0, 0x000001df6dbbf430, 0x000001df6dbea3f0, 0x000001df6dbeae40,
0x000001df6dbc2bd0, 0x000001df6db20090, 0x000001df72227980, 0x000001df73c5b010,
0x000001df73df3480, 0x000001df73df3eb0, 0x000001df73ed3bf0, 0x000001df73ed4fa0,
0x000001df73ed4280, 0x000001df749887f0, 0x000001df74986720, 0x000001df74985370,
0x000001df74986db0, 0x000001df74987ad0, 0x000001df74988e80, 0x000001df7498b5e0,
0x000001df762ab910, 0x000001df7f84a880, 0x000001df7f843f80, 0x000001df7f8487b0,
0x000001df7f8466e0, 0x000001df7f84c950, 0x000001df7f84cfe0, 0x000001df7f846050,
0x000001df7f84dd00, 0x000001df7f84f740, 0x000001df7f851ea0, 0x000001df7f850460,
0x000001df7f84fdd0, 0x000001df781c0500, 0x000001df781c18b0, 0x000001df781c2c60,
0x000001df781bfe70, 0x000001df781c1220, 0x000001df781c32f0, 0x000001df781c0b90,
0x000001df781c3980, 0x000001df781c1f40, 0x000001df781c25d0, 0x000001df781bc9f0,
0x000001df781c4010, 0x000001df781be430, 0x000001df781bd710, 0x000001df781bd080,
0x000001df781c46a0, 0x000001df781c4d30, 0x000001df781c53c0, 0x000001df781c5a50,
0x000001df781beac0, 0x000001df781c60e0, 0x000001df781bf150, 0x000001df781ca280,
0x000001df781c6770, 0x000001df781cbcc0, 0x000001df781c6e00, 0x000001df781c7490,
0x000001df781c7b20, 0x000001df7f023bf0, 0x000001df7f020e00, 0x000001df7f028420,
0x000001df7f021490, 0x000001df7f0221b0, 0x000001df7f028ab0, 0x000001df7f029140,
0x000001df7f0297d0, 0x000001df7f029e60, 0x000001df7f022ed0, 0x000001df7f02bf30,
0x000001df7f02cc50, 0x000001df7f02b210, 0x000001df7f02e000, 0x000001df7f02b8a0,
0x000001df7f02a4f0, 0x000001df7f02f3b0, 0x000001df7f02d2e0, 0x000001df7f02c5c0,
0x000001df7f02d970, 0x000001df7f02ed20, 0x000001df7f02ab80, 0x000001df7f8494d0,
0x000001df7f846d70, 0x000001df7f845330, 0x000001df7f847400, 0x000001df7f844610,
0x000001df7f84e390, 0x000001df7f84ea20, 0x000001df7f84f0b0, 0x000001df7f848120,
0x000001df7f849b60, 0x000001df7f848e40, 0x000001df7f851180, 0x000001df7f852530,
0x000001df7f853250, 0x000001df762b1b80, 0x000001df762ae700, 0x000001df762af420,
0x000001df762b14f0, 0x000001df762ac630, 0x000001df762b0140, 0x000001df762ae070,
0x000001df762b07d0, 0x000001df762b0e60, 0x000001df762b2f30, 0x000001df762b2210,
0x000001df762accc0, 0x000001df762b28a0, 0x000001df74989ba0, 0x000001df7498a230,
0x000001df7498bc70, 0x000001df74987440, 0x000001df74988160, 0x000001df7498a8c0,
0x000001df7498c300, 0x000001df73ed4910, 0x000001df73ed2ed0, 0x000001df73ed5630,
0x000001df73ed21b0, 0x000001df73ed2840, 0x000001df784ffac0, 0x000001df784f9ee0,
0x000001df784ff430, 0x000001df784fc640, 0x000001df784fe080, 0x000001df784f9850,
0x000001df784fe710, 0x000001df784feda0, 0x000001df784f91c0, 0x000001df784f8b30,
0x000001df784fbfb0, 0x000001df784fd9f0, 0x000001df78500150, 0x000001df785007e0,
0x000001df784fccd0, 0x000001df78500e70, 0x000001df78501500, 0x000001df784fa570,
0x000001df784fd360, 0x000001df78501b90, 0x000001df78502220, 0x000001df784fb290,
0x000001df785028b0, 0x000001df784fb920, 0x000001df785056a0, 0x000001df78507770,
0x000001df785035d0, 0x000001df78505d30, 0x000001df78502f40, 0x000001df78505010,
0x000001df78503c60, 0x000001df78506a50, 0x000001df785042f0, 0x000001df785063c0,
0x000001df785070e0, 0x000001df78504980, 0x000001df78507e00, 0x000001df0051b690,
0x000001df00520550, 0x000001df0051bd20, 0x000001df0051f830, 0x000001df0051d760,
0x000001df00521270, 0x000001df0051b000, 0x000001df00523340, 0x000001df00521f90,
0x000001df0051eb10, 0x000001df00522620, 0x000001df0051ca40, 0x000001df0051e480,
0x000001df00522cb0, 0x000001df0051f1a0, 0x000001df0051d0d0, 0x000001df0051fec0,
0x000001df00520be0, 0x000001df0051ddf0, 0x000001df00521900, 0x000001df0051c3b0,
0x000001df00527b70, 0x000001df00526130, 0x000001df00528890, 0x000001df00529c40,
0x000001df0052a2d0, 0x000001df00528200, 0x000001df00525410, 0x000001df005267c0,
0x000001df005274e0, 0x000001df00524060, 0x000001df00526e50, 0x000001df005246f0,
0x000001df00524d80, 0x000001df76d30240, 0x000001df76d32310, 0x000001df76d308d0,
0x000001df76d31c80, 0x000001df76d2e800, 0x000001df76d33030, 0x000001df76d336c0,
0x000001df76d30f60, 0x000001df76d2ee90, 0x000001df76d2f520, 0x000001df76d315f0,
0x000001df76d33d50, 0x000001df76d329a0, 0x000001df76d343e0, 0x000001df76d2fbb0,
0x000001df76d2d450, 0x000001df76d34a70, 0x000001df76d2dae0, 0x000001df76d35100,
0x000001df76d2e170, 0x000001df76d38c10, 0x000001df76d392a0, 0x000001df76d37860,
0x000001df76d3b370, 0x000001df76d39fc0, 0x000001df76d3ba00, 0x000001df76d3ace0,
0x000001df76d38580, 0x000001df76d3c090, 0x000001df76d364b0, 0x000001df76d36b40,
0x000001df76d371d0, 0x000001df76d39930, 0x000001df76d37ef0, 0x000001df76d3a650,
0x000001df76d35e20, 0x000001df76d3c720, 0x000001df76d35790, 0x000001df74eeb8a0,
0x000001df74eea4f0, 0x000001df74ee9e60, 0x000001df74eee690, 0x000001df74eee000,
0x000001df74eebf30, 0x000001df74eecc50, 0x000001df74eef3b0, 0x000001df74ee9140,
0x000001df74eec5c0, 0x000001df74eed2e0, 0x000001df74eed970, 0x000001df74eeed20,
0x000001df74eefa40, 0x000001df74ee8ab0, 0x000001df74ef00d0, 0x000001df74eeab80,
0x000001df74ef0760, 0x000001df74ee97d0, 0x000001df74ef0df0, 0x000001df74ef1480,
0x000001df74ef1b10, 0x000001df74ef21a0, 0x000001df74eeb210, 0x000001df74ef69d0,
0x000001df74ef5cb0, 0x000001df74ef2830, 0x000001df74ef7d80, 0x000001df74ef6340,
0x000001df74ef2ec0, 0x000001df74ef3550, 0x000001df74ef7060, 0x000001df74ef5620,
0x000001df74ef76f0, 0x000001df74ef3be0, 0x000001df74ef4270, 0x000001df74ef4900,
0x000001df74ef4f90, 0x000001df7f4121a0, 0x000001df7f413be0, 0x000001df7f3fbf40,
0x000001df7fc891f0, 0x000001df7fc88450, 0x000001df7fc8a660, 0x000001df7fc84700,
0x000001df7fc876b0, 0x000001df7fc854a0, 0x000001df7fc898c0, 0x000001df7fc84dd0,
0x000001df7fc86910, 0x000001df7fc83290
}

Java Threads: ( => current thread )
  0x000001df3c984860 JavaThread "main"                              [_thread_blocked, id=69664, stack(0x00000040d7c00000,0x00000040d7d00000) (1024K)]
  0x000001df6dbd68c0 JavaThread "Reference Handler"          daemon [_thread_blocked, id=49452, stack(0x00000040d8400000,0x00000040d8500000) (1024K)]
  0x000001df6dbd7310 JavaThread "Finalizer"                  daemon [_thread_blocked, id=51712, stack(0x00000040d8500000,0x00000040d8600000) (1024K)]
  0x000001df6dbbe180 JavaThread "Signal Dispatcher"          daemon [_thread_blocked, id=7604, stack(0x00000040d8600000,0x00000040d8700000) (1024K)]
  0x000001df6dbbd2d0 JavaThread "Attach Listener"            daemon [_thread_blocked, id=21220, stack(0x00000040d8700000,0x00000040d8800000) (1024K)]
  0x000001df6dbbf430 JavaThread "Service Thread"             daemon [_thread_blocked, id=36596, stack(0x00000040d8800000,0x00000040d8900000) (1024K)]
  0x000001df6dbea3f0 JavaThread "Monitor Deflation Thread"   daemon [_thread_blocked, id=69596, stack(0x00000040d8900000,0x00000040d8a00000) (1024K)]
  0x000001df6dbeae40 JavaThread "C2 CompilerThread0"         daemon [_thread_blocked, id=19808, stack(0x00000040d8a00000,0x00000040d8b00000) (1024K)]
  0x000001df6dbc2bd0 JavaThread "C1 CompilerThread0"         daemon [_thread_blocked, id=52632, stack(0x00000040d8b00000,0x00000040d8c00000) (1024K)]
  0x000001df6db20090 JavaThread "Common-Cleaner"             daemon [_thread_blocked, id=4340, stack(0x00000040d8c00000,0x00000040d8d00000) (1024K)]
  0x000001df72227980 JavaThread "Notification Thread"        daemon [_thread_blocked, id=35140, stack(0x00000040d9000000,0x00000040d9100000) (1024K)]
  0x000001df73c5b010 JavaThread "Daemon health stats"               [_thread_blocked, id=51132, stack(0x00000040da000000,0x00000040da100000) (1024K)]
  0x000001df73df3480 JavaThread "Incoming local TCP Connector on port 59138"        [_thread_in_native, id=69904, stack(0x00000040da100000,0x00000040da200000) (1024K)]
  0x000001df73df3eb0 JavaThread "Daemon periodic checks"            [_thread_blocked, id=50292, stack(0x00000040da200000,0x00000040da300000) (1024K)]
  0x000001df73ed3bf0 JavaThread "Cache worker for journal cache (C:\Users\Amirw\.gradle\caches\journal-1)"        [_thread_blocked, id=62980, stack(0x00000040d9400000,0x00000040d9500000) (1024K)]
  0x000001df73ed4fa0 JavaThread "File lock request listener"        [_thread_in_native, id=32564, stack(0x00000040db000000,0x00000040db100000) (1024K)]
  0x000001df73ed4280 JavaThread "Cache worker for file hash cache (C:\Users\Amirw\.gradle\caches\9.1.0\fileHashes)"        [_thread_blocked, id=56968, stack(0x00000040db100000,0x00000040db200000) (1024K)]
  0x000001df749887f0 JavaThread "File watcher server"        daemon [_thread_in_native, id=55800, stack(0x00000040db400000,0x00000040db500000) (1024K)]
  0x000001df74986720 JavaThread "File watcher consumer"      daemon [_thread_blocked, id=26456, stack(0x00000040db500000,0x00000040db600000) (1024K)]
  0x000001df74985370 JavaThread "jar transforms"                    [_thread_blocked, id=18872, stack(0x00000040db600000,0x00000040db700000) (1024K)]
  0x000001df74986db0 JavaThread "jar transforms Thread 2"           [_thread_blocked, id=54732, stack(0x00000040db700000,0x00000040db800000) (1024K)]
  0x000001df74987ad0 JavaThread "Cache worker for file content cache (C:\Users\Amirw\.gradle\caches\9.1.0\fileContent)"        [_thread_blocked, id=58652, stack(0x00000040db800000,0x00000040db900000) (1024K)]
  0x000001df74988e80 JavaThread "jar transforms Thread 3"           [_thread_blocked, id=63992, stack(0x00000040dbb00000,0x00000040dbc00000) (1024K)]
  0x000001df7498b5e0 JavaThread "jar transforms Thread 4"           [_thread_blocked, id=53216, stack(0x00000040dc000000,0x00000040dc100000) (1024K)]
  0x000001df762ab910 JavaThread "Memory manager"                    [_thread_blocked, id=51324, stack(0x00000040dfc00000,0x00000040dfd00000) (1024K)]
  0x000001df7f84a880 JavaThread "jar transforms Thread 5"           [_thread_blocked, id=46872, stack(0x00000040e8500000,0x00000040e8600000) (1024K)]
  0x000001df7f843f80 JavaThread "jar transforms Thread 6"           [_thread_blocked, id=67960, stack(0x00000040ea300000,0x00000040ea400000) (1024K)]
  0x000001df7f8487b0 JavaThread "jar transforms Thread 7"           [_thread_blocked, id=21648, stack(0x00000040ea400000,0x00000040ea500000) (1024K)]
  0x000001df7f8466e0 JavaThread "jar transforms Thread 8"           [_thread_blocked, id=67168, stack(0x00000040ea500000,0x00000040ea600000) (1024K)]
  0x000001df7f84c950 JavaThread "jar transforms Thread 9"           [_thread_blocked, id=62136, stack(0x00000040ea800000,0x00000040ea900000) (1024K)]
  0x000001df7f84cfe0 JavaThread "jar transforms Thread 10"          [_thread_blocked, id=16092, stack(0x00000040ea900000,0x00000040eaa00000) (1024K)]
  0x000001df7f846050 JavaThread "jar transforms Thread 11"          [_thread_blocked, id=3096, stack(0x00000040eaa00000,0x00000040eab00000) (1024K)]
  0x000001df7f84dd00 JavaThread "jar transforms Thread 12"          [_thread_blocked, id=45656, stack(0x00000040eab00000,0x00000040eac00000) (1024K)]
  0x000001df7f84f740 JavaThread "jar transforms Thread 13"          [_thread_blocked, id=37428, stack(0x00000040d9100000,0x00000040d9200000) (1024K)]
  0x000001df7f851ea0 JavaThread "jar transforms Thread 14"          [_thread_blocked, id=55656, stack(0x00000040ead00000,0x00000040eae00000) (1024K)]
  0x000001df7f850460 JavaThread "jar transforms Thread 15"          [_thread_blocked, id=2912, stack(0x00000040eac00000,0x00000040ead00000) (1024K)]
  0x000001df7f84fdd0 JavaThread "jar transforms Thread 16"          [_thread_blocked, id=25732, stack(0x00000040eae00000,0x00000040eaf00000) (1024K)]
  0x000001df781c0500 JavaThread "Daemon Thread 2"                   [_thread_blocked, id=66604, stack(0x00000040d7900000,0x00000040d7a00000) (1024K)]
  0x000001df781c18b0 JavaThread "Handler for socket connection from /127.0.0.1:59138 to /127.0.0.1:50740"        [_thread_in_native, id=46980, stack(0x00000040d7a00000,0x00000040d7b00000) (1024K)]
  0x000001df781c2c60 JavaThread "Cancel handler"                    [_thread_blocked, id=44252, stack(0x00000040d7b00000,0x00000040d7c00000) (1024K)]
  0x000001df781bfe70 JavaThread "Daemon worker Thread 2"            [_thread_blocked, id=57380, stack(0x00000040d8d00000,0x00000040d8e00000) (1024K)]
  0x000001df781c1220 JavaThread "Asynchronous log dispatcher for DefaultDaemonConnection: socket connection from /127.0.0.1:59138 to /127.0.0.1:50740"        [_thread_blocked, id=44952, stack(0x00000040d8e00000,0x00000040d8f00000) (1024K)]
  0x000001df781c32f0 JavaThread "Stdin handler"                     [_thread_blocked, id=25908, stack(0x00000040d8f00000,0x00000040d9000000) (1024K)]
  0x000001df781c0b90 JavaThread "Daemon client event forwarder"        [_thread_blocked, id=44064, stack(0x00000040d9200000,0x00000040d9300000) (1024K)]
  0x000001df781c3980 JavaThread "Cache worker for file hash cache (C:\Users\Amirw\shoppinh-list\android\.gradle\9.1.0\fileHashes)"        [_thread_blocked, id=52188, stack(0x00000040d9300000,0x00000040d9400000) (1024K)]
  0x000001df781c1f40 JavaThread "Cache worker for Build Output Cleanup Cache (C:\Users\Amirw\shoppinh-list\android\.gradle\buildOutputCleanup)"        [_thread_blocked, id=57968, stack(0x00000040da300000,0x00000040da400000) (1024K)]
  0x000001df781c25d0 JavaThread "Cache worker for checksums cache (C:\Users\Amirw\shoppinh-list\android\.gradle\9.1.0\checksums)"        [_thread_blocked, id=62116, stack(0x00000040da500000,0x00000040da600000) (1024K)]
  0x000001df781bc9f0 JavaThread "Cache worker for cache directory md-supplier (C:\Users\Amirw\.gradle\caches\9.1.0\md-supplier)"        [_thread_blocked, id=59428, stack(0x00000040da600000,0x00000040da700000) (1024K)]
  0x000001df781c4010 JavaThread "Cache worker for cache directory md-rule (C:\Users\Amirw\.gradle\caches\9.1.0\md-rule)"        [_thread_blocked, id=70164, stack(0x00000040da700000,0x00000040da800000) (1024K)]
  0x000001df781be430 JavaThread "Cache worker for Build Output Cleanup Cache (C:\Users\Amirw\flutter\packages\flutter_tools\gradle\.gradle\buildOutputCleanup)"        [_thread_blocked, id=27584, stack(0x00000040dae00000,0x00000040daf00000) (1024K)]
  0x000001df781bd710 JavaThread "Unconstrained build operations"        [_thread_blocked, id=54792, stack(0x00000040db200000,0x00000040db300000) (1024K)]
  0x000001df781bd080 JavaThread "Unconstrained build operations Thread 2"        [_thread_blocked, id=71152, stack(0x00000040db300000,0x00000040db400000) (1024K)]
  0x000001df781c46a0 JavaThread "Unconstrained build operations Thread 3"        [_thread_blocked, id=32064, stack(0x00000040db900000,0x00000040dba00000) (1024K)]
  0x000001df781c4d30 JavaThread "Unconstrained build operations Thread 4"        [_thread_blocked, id=40072, stack(0x00000040dba00000,0x00000040dbb00000) (1024K)]
  0x000001df781c53c0 JavaThread "Unconstrained build operations Thread 5"        [_thread_blocked, id=25892, stack(0x00000040dbc00000,0x00000040dbd00000) (1024K)]
  0x000001df781c5a50 JavaThread "Unconstrained build operations Thread 6"        [_thread_blocked, id=47616, stack(0x00000040dbd00000,0x00000040dbe00000) (1024K)]
  0x000001df781beac0 JavaThread "Unconstrained build operations Thread 7"        [_thread_blocked, id=5032, stack(0x00000040dbe00000,0x00000040dbf00000) (1024K)]
  0x000001df781c60e0 JavaThread "Unconstrained build operations Thread 8"        [_thread_blocked, id=19348, stack(0x00000040dbf00000,0x00000040dc000000) (1024K)]
  0x000001df781bf150 JavaThread "Unconstrained build operations Thread 9"        [_thread_blocked, id=56896, stack(0x00000040dc100000,0x00000040dc200000) (1024K)]
  0x000001df781ca280 JavaThread "Unconstrained build operations Thread 10"        [_thread_blocked, id=30212, stack(0x00000040dc200000,0x00000040dc300000) (1024K)]
  0x000001df781c6770 JavaThread "Unconstrained build operations Thread 11"        [_thread_blocked, id=69184, stack(0x00000040dc300000,0x00000040dc400000) (1024K)]
  0x000001df781cbcc0 JavaThread "Unconstrained build operations Thread 12"        [_thread_blocked, id=25684, stack(0x00000040dc400000,0x00000040dc500000) (1024K)]
  0x000001df781c6e00 JavaThread "Unconstrained build operations Thread 13"        [_thread_blocked, id=35028, stack(0x00000040dc500000,0x00000040dc600000) (1024K)]
  0x000001df781c7490 JavaThread "Unconstrained build operations Thread 14"        [_thread_blocked, id=43368, stack(0x00000040dc600000,0x00000040dc700000) (1024K)]
  0x000001df781c7b20 JavaThread "Unconstrained build operations Thread 15"        [_thread_blocked, id=14704, stack(0x00000040dc700000,0x00000040dc800000) (1024K)]
  0x000001df7f023bf0 JavaThread "Unconstrained build operations Thread 16"        [_thread_blocked, id=15916, stack(0x00000040dc800000,0x00000040dc900000) (1024K)]
  0x000001df7f020e00 JavaThread "Unconstrained build operations Thread 17"        [_thread_blocked, id=45700, stack(0x00000040dc900000,0x00000040dca00000) (1024K)]
  0x000001df7f028420 JavaThread "Unconstrained build operations Thread 18"        [_thread_blocked, id=14880, stack(0x00000040dca00000,0x00000040dcb00000) (1024K)]
  0x000001df7f021490 JavaThread "Unconstrained build operations Thread 19"        [_thread_blocked, id=32156, stack(0x00000040dcb00000,0x00000040dcc00000) (1024K)]
  0x000001df7f0221b0 JavaThread "Unconstrained build operations Thread 20"        [_thread_blocked, id=34256, stack(0x00000040dcf00000,0x00000040dd000000) (1024K)]
  0x000001df7f028ab0 JavaThread "Unconstrained build operations Thread 21"        [_thread_blocked, id=20880, stack(0x00000040dd000000,0x00000040dd100000) (1024K)]
  0x000001df7f029140 JavaThread "Unconstrained build operations Thread 22"        [_thread_blocked, id=39080, stack(0x00000040dd100000,0x00000040dd200000) (1024K)]
  0x000001df7f0297d0 JavaThread "Unconstrained build operations Thread 23"        [_thread_blocked, id=44628, stack(0x00000040dd200000,0x00000040dd300000) (1024K)]
  0x000001df7f029e60 JavaThread "Unconstrained build operations Thread 24"        [_thread_blocked, id=54504, stack(0x00000040dd300000,0x00000040dd400000) (1024K)]
  0x000001df7f022ed0 JavaThread "Unconstrained build operations Thread 25"        [_thread_blocked, id=24180, stack(0x00000040dd400000,0x00000040dd500000) (1024K)]
  0x000001df7f02bf30 JavaThread "Unconstrained build operations Thread 26"        [_thread_blocked, id=42216, stack(0x00000040dd500000,0x00000040dd600000) (1024K)]
  0x000001df7f02cc50 JavaThread "Unconstrained build operations Thread 27"        [_thread_blocked, id=28948, stack(0x00000040dd600000,0x00000040dd700000) (1024K)]
  0x000001df7f02b210 JavaThread "Unconstrained build operations Thread 28"        [_thread_blocked, id=58232, stack(0x00000040dd700000,0x00000040dd800000) (1024K)]
  0x000001df7f02e000 JavaThread "Unconstrained build operations Thread 29"        [_thread_blocked, id=14920, stack(0x00000040dd800000,0x00000040dd900000) (1024K)]
  0x000001df7f02b8a0 JavaThread "Unconstrained build operations Thread 30"        [_thread_blocked, id=56420, stack(0x00000040dd900000,0x00000040dda00000) (1024K)]
  0x000001df7f02a4f0 JavaThread "Unconstrained build operations Thread 31"        [_thread_blocked, id=60548, stack(0x00000040dda00000,0x00000040ddb00000) (1024K)]
  0x000001df7f02f3b0 JavaThread "Unconstrained build operations Thread 32"        [_thread_blocked, id=38792, stack(0x00000040ddb00000,0x00000040ddc00000) (1024K)]
  0x000001df7f02d2e0 JavaThread "Unconstrained build operations Thread 33"        [_thread_blocked, id=58088, stack(0x00000040ddc00000,0x00000040ddd00000) (1024K)]
  0x000001df7f02c5c0 JavaThread "Unconstrained build operations Thread 34"        [_thread_blocked, id=26908, stack(0x00000040ddd00000,0x00000040dde00000) (1024K)]
  0x000001df7f02d970 JavaThread "Unconstrained build operations Thread 35"        [_thread_blocked, id=53952, stack(0x00000040dde00000,0x00000040ddf00000) (1024K)]
  0x000001df7f02ed20 JavaThread "Unconstrained build operations Thread 36"        [_thread_blocked, id=32624, stack(0x00000040ddf00000,0x00000040de000000) (1024K)]
  0x000001df7f02ab80 JavaThread "Unconstrained build operations Thread 37"        [_thread_blocked, id=60008, stack(0x00000040de000000,0x00000040de100000) (1024K)]
  0x000001df7f8494d0 JavaThread "Unconstrained build operations Thread 38"        [_thread_blocked, id=62836, stack(0x00000040de100000,0x00000040de200000) (1024K)]
  0x000001df7f846d70 JavaThread "build event listener"              [_thread_blocked, id=36280, stack(0x00000040de200000,0x00000040de300000) (1024K)]
  0x000001df7f845330 JavaThread "included builds"                   [_thread_blocked, id=50360, stack(0x00000040dce00000,0x00000040dcf00000) (1024K)]
  0x000001df7f847400 JavaThread "Execution worker"                  [_thread_blocked, id=66912, stack(0x00000040de300000,0x00000040de400000) (1024K)]
  0x000001df7f844610 JavaThread "Execution worker Thread 2"         [_thread_blocked, id=50108, stack(0x00000040de400000,0x00000040de500000) (1024K)]
  0x000001df7f84e390 JavaThread "Execution worker Thread 3"         [_thread_blocked, id=40520, stack(0x00000040de500000,0x00000040de600000) (1024K)]
  0x000001df7f84ea20 JavaThread "Execution worker Thread 4"         [_thread_blocked, id=71320, stack(0x00000040de600000,0x00000040de700000) (1024K)]
  0x000001df7f84f0b0 JavaThread "Execution worker Thread 5"         [_thread_blocked, id=54016, stack(0x00000040de700000,0x00000040de800000) (1024K)]
  0x000001df7f848120 JavaThread "Execution worker Thread 6"         [_thread_blocked, id=63676, stack(0x00000040de800000,0x00000040de900000) (1024K)]
  0x000001df7f849b60 JavaThread "Execution worker Thread 7"         [_thread_blocked, id=16752, stack(0x00000040de900000,0x00000040dea00000) (1024K)]
  0x000001df7f848e40 JavaThread "Execution worker Thread 8"         [_thread_blocked, id=49116, stack(0x00000040dea00000,0x00000040deb00000) (1024K)]
  0x000001df7f851180 JavaThread "Execution worker Thread 9"         [_thread_blocked, id=38936, stack(0x00000040deb00000,0x00000040dec00000) (1024K)]
  0x000001df7f852530 JavaThread "Execution worker Thread 10"        [_thread_blocked, id=61864, stack(0x00000040dec00000,0x00000040ded00000) (1024K)]
  0x000001df7f853250 JavaThread "Execution worker Thread 11"        [_thread_blocked, id=56476, stack(0x00000040ded00000,0x00000040dee00000) (1024K)]
  0x000001df762b1b80 JavaThread "Execution worker Thread 12"        [_thread_blocked, id=36084, stack(0x00000040dee00000,0x00000040def00000) (1024K)]
  0x000001df762ae700 JavaThread "Execution worker Thread 13"        [_thread_blocked, id=50052, stack(0x00000040def00000,0x00000040df000000) (1024K)]
  0x000001df762af420 JavaThread "Execution worker Thread 14"        [_thread_blocked, id=41608, stack(0x00000040df000000,0x00000040df100000) (1024K)]
  0x000001df762b14f0 JavaThread "Execution worker Thread 15"        [_thread_blocked, id=25556, stack(0x00000040df100000,0x00000040df200000) (1024K)]
  0x000001df762ac630 JavaThread "Execution worker Thread 16"        [_thread_blocked, id=24116, stack(0x00000040df200000,0x00000040df300000) (1024K)]
  0x000001df762b0140 JavaThread "Execution worker Thread 17"        [_thread_blocked, id=56264, stack(0x00000040df300000,0x00000040df400000) (1024K)]
  0x000001df762ae070 JavaThread "Execution worker Thread 18"        [_thread_blocked, id=64220, stack(0x00000040df400000,0x00000040df500000) (1024K)]
  0x000001df762b07d0 JavaThread "Cache worker for execution history cache (C:\Users\Amirw\flutter\packages\flutter_tools\gradle\.gradle\9.1.0\executionHistory)"        [_thread_blocked, id=68188, stack(0x00000040df500000,0x00000040df600000) (1024K)]
  0x000001df762b0e60 JavaThread "Execution worker Thread 19"        [_thread_blocked, id=15156, stack(0x00000040df600000,0x00000040df700000) (1024K)]
  0x000001df762b2f30 JavaThread "Unconstrained build operations Thread 39"        [_thread_blocked, id=70144, stack(0x00000040df700000,0x00000040df800000) (1024K)]
  0x000001df762b2210 JavaThread "Unconstrained build operations Thread 40"        [_thread_blocked, id=54960, stack(0x00000040df800000,0x00000040df900000) (1024K)]
  0x000001df762accc0 JavaThread "Unconstrained build operations Thread 41"        [_thread_blocked, id=10388, stack(0x00000040df900000,0x00000040dfa00000) (1024K)]
  0x000001df762b28a0 JavaThread "Unconstrained build operations Thread 42"        [_thread_blocked, id=41408, stack(0x00000040dfa00000,0x00000040dfb00000) (1024K)]
  0x000001df74989ba0 JavaThread "Unconstrained build operations Thread 43"        [_thread_blocked, id=60476, stack(0x00000040dfb00000,0x00000040dfc00000) (1024K)]
  0x000001df7498a230 JavaThread "Unconstrained build operations Thread 44"        [_thread_blocked, id=43636, stack(0x00000040dfd00000,0x00000040dfe00000) (1024K)]
  0x000001df7498bc70 JavaThread "Unconstrained build operations Thread 45"        [_thread_blocked, id=39320, stack(0x00000040dfe00000,0x00000040dff00000) (1024K)]
  0x000001df74987440 JavaThread "Unconstrained build operations Thread 46"        [_thread_blocked, id=34632, stack(0x00000040dff00000,0x00000040e0000000) (1024K)]
  0x000001df74988160 JavaThread "Unconstrained build operations Thread 47"        [_thread_blocked, id=10340, stack(0x00000040e0000000,0x00000040e0100000) (1024K)]
  0x000001df7498a8c0 JavaThread "Unconstrained build operations Thread 48"        [_thread_blocked, id=71404, stack(0x00000040e0100000,0x00000040e0200000) (1024K)]
  0x000001df7498c300 JavaThread "Unconstrained build operations Thread 49"        [_thread_blocked, id=10208, stack(0x00000040e0200000,0x00000040e0300000) (1024K)]
  0x000001df73ed4910 JavaThread "Unconstrained build operations Thread 50"        [_thread_blocked, id=39688, stack(0x00000040e0300000,0x00000040e0400000) (1024K)]
  0x000001df73ed2ed0 JavaThread "Unconstrained build operations Thread 51"        [_thread_blocked, id=71612, stack(0x00000040e0400000,0x00000040e0500000) (1024K)]
  0x000001df73ed5630 JavaThread "Unconstrained build operations Thread 52"        [_thread_blocked, id=53748, stack(0x00000040e0500000,0x00000040e0600000) (1024K)]
  0x000001df73ed21b0 JavaThread "Unconstrained build operations Thread 53"        [_thread_blocked, id=27308, stack(0x00000040e0600000,0x00000040e0700000) (1024K)]
  0x000001df73ed2840 JavaThread "Unconstrained build operations Thread 54"        [_thread_blocked, id=70260, stack(0x00000040e0700000,0x00000040e0800000) (1024K)]
  0x000001df784ffac0 JavaThread "Unconstrained build operations Thread 55"        [_thread_blocked, id=59348, stack(0x00000040e0800000,0x00000040e0900000) (1024K)]
  0x000001df784f9ee0 JavaThread "Unconstrained build operations Thread 56"        [_thread_blocked, id=27044, stack(0x00000040e0900000,0x00000040e0a00000) (1024K)]
  0x000001df784ff430 JavaThread "Unconstrained build operations Thread 57"        [_thread_blocked, id=63024, stack(0x00000040e0a00000,0x00000040e0b00000) (1024K)]
  0x000001df784fc640 JavaThread "Unconstrained build operations Thread 58"        [_thread_blocked, id=11500, stack(0x00000040e0b00000,0x00000040e0c00000) (1024K)]
  0x000001df784fe080 JavaThread "Unconstrained build operations Thread 59"        [_thread_blocked, id=68904, stack(0x00000040e0c00000,0x00000040e0d00000) (1024K)]
  0x000001df784f9850 JavaThread "Unconstrained build operations Thread 60"        [_thread_blocked, id=50080, stack(0x00000040e0d00000,0x00000040e0e00000) (1024K)]
  0x000001df784fe710 JavaThread "Unconstrained build operations Thread 61"        [_thread_blocked, id=17236, stack(0x00000040e0e00000,0x00000040e0f00000) (1024K)]
  0x000001df784feda0 JavaThread "Unconstrained build operations Thread 62"        [_thread_blocked, id=36040, stack(0x00000040e0f00000,0x00000040e1000000) (1024K)]
  0x000001df784f91c0 JavaThread "Unconstrained build operations Thread 63"        [_thread_blocked, id=24556, stack(0x00000040e1000000,0x00000040e1100000) (1024K)]
  0x000001df784f8b30 JavaThread "Unconstrained build operations Thread 64"        [_thread_blocked, id=37020, stack(0x00000040e1100000,0x00000040e1200000) (1024K)]
  0x000001df784fbfb0 JavaThread "Unconstrained build operations Thread 65"        [_thread_blocked, id=38548, stack(0x00000040e1200000,0x00000040e1300000) (1024K)]
  0x000001df784fd9f0 JavaThread "Unconstrained build operations Thread 66"        [_thread_blocked, id=63556, stack(0x00000040e1300000,0x00000040e1400000) (1024K)]
  0x000001df78500150 JavaThread "Unconstrained build operations Thread 67"        [_thread_blocked, id=41208, stack(0x00000040e1400000,0x00000040e1500000) (1024K)]
  0x000001df785007e0 JavaThread "Unconstrained build operations Thread 68"        [_thread_blocked, id=52788, stack(0x00000040e1500000,0x00000040e1600000) (1024K)]
  0x000001df784fccd0 JavaThread "Unconstrained build operations Thread 69"        [_thread_blocked, id=42796, stack(0x00000040e1600000,0x00000040e1700000) (1024K)]
  0x000001df78500e70 JavaThread "Unconstrained build operations Thread 70"        [_thread_blocked, id=29604, stack(0x00000040e1700000,0x00000040e1800000) (1024K)]
  0x000001df78501500 JavaThread "Unconstrained build operations Thread 71"        [_thread_blocked, id=38932, stack(0x00000040e1800000,0x00000040e1900000) (1024K)]
  0x000001df784fa570 JavaThread "Unconstrained build operations Thread 72"        [_thread_blocked, id=17804, stack(0x00000040e1900000,0x00000040e1a00000) (1024K)]
  0x000001df784fd360 JavaThread "Unconstrained build operations Thread 73"        [_thread_blocked, id=53456, stack(0x00000040e1a00000,0x00000040e1b00000) (1024K)]
  0x000001df78501b90 JavaThread "Unconstrained build operations Thread 74"        [_thread_blocked, id=61336, stack(0x00000040e1b00000,0x00000040e1c00000) (1024K)]
  0x000001df78502220 JavaThread "Unconstrained build operations Thread 75"        [_thread_blocked, id=33940, stack(0x00000040e1c00000,0x00000040e1d00000) (1024K)]
  0x000001df784fb290 JavaThread "Unconstrained build operations Thread 76"        [_thread_blocked, id=20564, stack(0x00000040e1d00000,0x00000040e1e00000) (1024K)]
  0x000001df785028b0 JavaThread "Unconstrained build operations Thread 77"        [_thread_blocked, id=55132, stack(0x00000040e1e00000,0x00000040e1f00000) (1024K)]
  0x000001df784fb920 JavaThread "Unconstrained build operations Thread 78"        [_thread_blocked, id=62728, stack(0x00000040e1f00000,0x00000040e2000000) (1024K)]
  0x000001df785056a0 JavaThread "Unconstrained build operations Thread 79"        [_thread_blocked, id=65840, stack(0x00000040e2000000,0x00000040e2100000) (1024K)]
  0x000001df78507770 JavaThread "Unconstrained build operations Thread 80"        [_thread_blocked, id=61284, stack(0x00000040e2100000,0x00000040e2200000) (1024K)]
  0x000001df785035d0 JavaThread "Unconstrained build operations Thread 81"        [_thread_blocked, id=58676, stack(0x00000040e2200000,0x00000040e2300000) (1024K)]
  0x000001df78505d30 JavaThread "Unconstrained build operations Thread 82"        [_thread_blocked, id=51744, stack(0x00000040e2300000,0x00000040e2400000) (1024K)]
  0x000001df78502f40 JavaThread "Unconstrained build operations Thread 83"        [_thread_blocked, id=39616, stack(0x00000040e2400000,0x00000040e2500000) (1024K)]
  0x000001df78505010 JavaThread "Unconstrained build operations Thread 84"        [_thread_blocked, id=35964, stack(0x00000040e2500000,0x00000040e2600000) (1024K)]
  0x000001df78503c60 JavaThread "Unconstrained build operations Thread 85"        [_thread_blocked, id=37288, stack(0x00000040e2600000,0x00000040e2700000) (1024K)]
  0x000001df78506a50 JavaThread "Unconstrained build operations Thread 86"        [_thread_blocked, id=63076, stack(0x00000040e2700000,0x00000040e2800000) (1024K)]
  0x000001df785042f0 JavaThread "Unconstrained build operations Thread 87"        [_thread_blocked, id=35064, stack(0x00000040e2800000,0x00000040e2900000) (1024K)]
  0x000001df785063c0 JavaThread "Unconstrained build operations Thread 88"        [_thread_blocked, id=54620, stack(0x00000040e2900000,0x00000040e2a00000) (1024K)]
  0x000001df785070e0 JavaThread "Unconstrained build operations Thread 89"        [_thread_blocked, id=57644, stack(0x00000040e2a00000,0x00000040e2b00000) (1024K)]
  0x000001df78504980 JavaThread "Unconstrained build operations Thread 90"        [_thread_blocked, id=63380, stack(0x00000040e2b00000,0x00000040e2c00000) (1024K)]
  0x000001df78507e00 JavaThread "Unconstrained build operations Thread 91"        [_thread_blocked, id=28868, stack(0x00000040e2c00000,0x00000040e2d00000) (1024K)]
  0x000001df0051b690 JavaThread "Unconstrained build operations Thread 92"        [_thread_blocked, id=3416, stack(0x00000040e2d00000,0x00000040e2e00000) (1024K)]
  0x000001df00520550 JavaThread "Unconstrained build operations Thread 93"        [_thread_blocked, id=28032, stack(0x00000040e2e00000,0x00000040e2f00000) (1024K)]
  0x000001df0051bd20 JavaThread "Unconstrained build operations Thread 94"        [_thread_blocked, id=49148, stack(0x00000040e2f00000,0x00000040e3000000) (1024K)]
  0x000001df0051f830 JavaThread "Unconstrained build operations Thread 95"        [_thread_blocked, id=59276, stack(0x00000040e3000000,0x00000040e3100000) (1024K)]
  0x000001df0051d760 JavaThread "Unconstrained build operations Thread 96"        [_thread_blocked, id=70396, stack(0x00000040e3100000,0x00000040e3200000) (1024K)]
  0x000001df00521270 JavaThread "Unconstrained build operations Thread 97"        [_thread_blocked, id=39684, stack(0x00000040e3200000,0x00000040e3300000) (1024K)]
  0x000001df0051b000 JavaThread "Unconstrained build operations Thread 98"        [_thread_blocked, id=4404, stack(0x00000040e3300000,0x00000040e3400000) (1024K)]
  0x000001df00523340 JavaThread "Unconstrained build operations Thread 99"        [_thread_blocked, id=41864, stack(0x00000040e3400000,0x00000040e3500000) (1024K)]
  0x000001df00521f90 JavaThread "Unconstrained build operations Thread 100"        [_thread_blocked, id=46836, stack(0x00000040e3500000,0x00000040e3600000) (1024K)]
  0x000001df0051eb10 JavaThread "Unconstrained build operations Thread 101"        [_thread_blocked, id=59000, stack(0x00000040e3600000,0x00000040e3700000) (1024K)]
  0x000001df00522620 JavaThread "Unconstrained build operations Thread 102"        [_thread_blocked, id=47432, stack(0x00000040e3700000,0x00000040e3800000) (1024K)]
  0x000001df0051ca40 JavaThread "Unconstrained build operations Thread 103"        [_thread_blocked, id=44780, stack(0x00000040e3800000,0x00000040e3900000) (1024K)]
  0x000001df0051e480 JavaThread "Unconstrained build operations Thread 104"        [_thread_blocked, id=2392, stack(0x00000040e3900000,0x00000040e3a00000) (1024K)]
  0x000001df00522cb0 JavaThread "Unconstrained build operations Thread 105"        [_thread_blocked, id=50688, stack(0x00000040e3a00000,0x00000040e3b00000) (1024K)]
  0x000001df0051f1a0 JavaThread "Unconstrained build operations Thread 106"        [_thread_blocked, id=33040, stack(0x00000040e3b00000,0x00000040e3c00000) (1024K)]
  0x000001df0051d0d0 JavaThread "Unconstrained build operations Thread 107"        [_thread_blocked, id=40536, stack(0x00000040e3c00000,0x00000040e3d00000) (1024K)]
  0x000001df0051fec0 JavaThread "Unconstrained build operations Thread 108"        [_thread_blocked, id=48876, stack(0x00000040e3d00000,0x00000040e3e00000) (1024K)]
  0x000001df00520be0 JavaThread "Unconstrained build operations Thread 109"        [_thread_blocked, id=43152, stack(0x00000040e3e00000,0x00000040e3f00000) (1024K)]
  0x000001df0051ddf0 JavaThread "Unconstrained build operations Thread 110"        [_thread_blocked, id=45548, stack(0x00000040e3f00000,0x00000040e4000000) (1024K)]
  0x000001df00521900 JavaThread "Unconstrained build operations Thread 111"        [_thread_blocked, id=10320, stack(0x00000040e4000000,0x00000040e4100000) (1024K)]
  0x000001df0051c3b0 JavaThread "build event listener"              [_thread_blocked, id=69400, stack(0x00000040e4100000,0x00000040e4200000) (1024K)]
  0x000001df00527b70 JavaThread "build event listener"              [_thread_blocked, id=42616, stack(0x00000040e4200000,0x00000040e4300000) (1024K)]
  0x000001df00526130 JavaThread "Problems report writer"            [_thread_blocked, id=37252, stack(0x00000040e4300000,0x00000040e4400000) (1024K)]
  0x000001df00528890 JavaThread "Unconstrained build operations Thread 112"        [_thread_blocked, id=56452, stack(0x00000040e4400000,0x00000040e4500000) (1024K)]
  0x000001df00529c40 JavaThread "Unconstrained build operations Thread 113"        [_thread_blocked, id=50760, stack(0x00000040e4500000,0x00000040e4600000) (1024K)]
  0x000001df0052a2d0 JavaThread "Unconstrained build operations Thread 114"        [_thread_blocked, id=34160, stack(0x00000040e4600000,0x00000040e4700000) (1024K)]
  0x000001df00528200 JavaThread "Unconstrained build operations Thread 115"        [_thread_blocked, id=3460, stack(0x00000040e4700000,0x00000040e4800000) (1024K)]
  0x000001df00525410 JavaThread "Unconstrained build operations Thread 116"        [_thread_blocked, id=44984, stack(0x00000040e4800000,0x00000040e4900000) (1024K)]
  0x000001df005267c0 JavaThread "Unconstrained build operations Thread 117"        [_thread_blocked, id=37556, stack(0x00000040e4900000,0x00000040e4a00000) (1024K)]
  0x000001df005274e0 JavaThread "Unconstrained build operations Thread 118"        [_thread_blocked, id=67156, stack(0x00000040e4a00000,0x00000040e4b00000) (1024K)]
  0x000001df00524060 JavaThread "Unconstrained build operations Thread 119"        [_thread_blocked, id=4756, stack(0x00000040e4b00000,0x00000040e4c00000) (1024K)]
  0x000001df00526e50 JavaThread "Unconstrained build operations Thread 120"        [_thread_blocked, id=11792, stack(0x00000040e4c00000,0x00000040e4d00000) (1024K)]
  0x000001df005246f0 JavaThread "Unconstrained build operations Thread 121"        [_thread_blocked, id=7512, stack(0x00000040e4d00000,0x00000040e4e00000) (1024K)]
  0x000001df00524d80 JavaThread "Unconstrained build operations Thread 122"        [_thread_blocked, id=71012, stack(0x00000040e4e00000,0x00000040e4f00000) (1024K)]
  0x000001df76d30240 JavaThread "Unconstrained build operations Thread 123"        [_thread_blocked, id=52856, stack(0x00000040e4f00000,0x00000040e5000000) (1024K)]
  0x000001df76d32310 JavaThread "Unconstrained build operations Thread 124"        [_thread_blocked, id=43928, stack(0x00000040e5000000,0x00000040e5100000) (1024K)]
  0x000001df76d308d0 JavaThread "Unconstrained build operations Thread 125"        [_thread_blocked, id=35928, stack(0x00000040e5100000,0x00000040e5200000) (1024K)]
  0x000001df76d31c80 JavaThread "Unconstrained build operations Thread 126"        [_thread_blocked, id=8384, stack(0x00000040e5200000,0x00000040e5300000) (1024K)]
  0x000001df76d2e800 JavaThread "Unconstrained build operations Thread 127"        [_thread_blocked, id=66752, stack(0x00000040e5300000,0x00000040e5400000) (1024K)]
  0x000001df76d33030 JavaThread "Unconstrained build operations Thread 128"        [_thread_blocked, id=58924, stack(0x00000040e5400000,0x00000040e5500000) (1024K)]
  0x000001df76d336c0 JavaThread "Unconstrained build operations Thread 129"        [_thread_blocked, id=34472, stack(0x00000040e5500000,0x00000040e5600000) (1024K)]
  0x000001df76d30f60 JavaThread "Unconstrained build operations Thread 130"        [_thread_blocked, id=5704, stack(0x00000040e5600000,0x00000040e5700000) (1024K)]
  0x000001df76d2ee90 JavaThread "Unconstrained build operations Thread 131"        [_thread_blocked, id=19336, stack(0x00000040e5700000,0x00000040e5800000) (1024K)]
  0x000001df76d2f520 JavaThread "Unconstrained build operations Thread 132"        [_thread_blocked, id=39832, stack(0x00000040e5800000,0x00000040e5900000) (1024K)]
  0x000001df76d315f0 JavaThread "Unconstrained build operations Thread 133"        [_thread_blocked, id=49372, stack(0x00000040e5900000,0x00000040e5a00000) (1024K)]
  0x000001df76d33d50 JavaThread "Unconstrained build operations Thread 134"        [_thread_blocked, id=21492, stack(0x00000040e5a00000,0x00000040e5b00000) (1024K)]
  0x000001df76d329a0 JavaThread "Unconstrained build operations Thread 135"        [_thread_blocked, id=35812, stack(0x00000040e5b00000,0x00000040e5c00000) (1024K)]
  0x000001df76d343e0 JavaThread "Unconstrained build operations Thread 136"        [_thread_blocked, id=52120, stack(0x00000040e5c00000,0x00000040e5d00000) (1024K)]
  0x000001df76d2fbb0 JavaThread "Unconstrained build operations Thread 137"        [_thread_blocked, id=65812, stack(0x00000040e5d00000,0x00000040e5e00000) (1024K)]
  0x000001df76d2d450 JavaThread "Unconstrained build operations Thread 138"        [_thread_blocked, id=56336, stack(0x00000040e5e00000,0x00000040e5f00000) (1024K)]
  0x000001df76d34a70 JavaThread "Unconstrained build operations Thread 139"        [_thread_blocked, id=70360, stack(0x00000040e5f00000,0x00000040e6000000) (1024K)]
  0x000001df76d2dae0 JavaThread "Unconstrained build operations Thread 140"        [_thread_blocked, id=10352, stack(0x00000040e6000000,0x00000040e6100000) (1024K)]
  0x000001df76d35100 JavaThread "Unconstrained build operations Thread 141"        [_thread_blocked, id=7852, stack(0x00000040e6100000,0x00000040e6200000) (1024K)]
  0x000001df76d2e170 JavaThread "Unconstrained build operations Thread 142"        [_thread_blocked, id=59076, stack(0x00000040e6200000,0x00000040e6300000) (1024K)]
  0x000001df76d38c10 JavaThread "Unconstrained build operations Thread 143"        [_thread_blocked, id=23760, stack(0x00000040e6300000,0x00000040e6400000) (1024K)]
  0x000001df76d392a0 JavaThread "Unconstrained build operations Thread 144"        [_thread_blocked, id=22872, stack(0x00000040e6400000,0x00000040e6500000) (1024K)]
  0x000001df76d37860 JavaThread "Unconstrained build operations Thread 145"        [_thread_blocked, id=2636, stack(0x00000040e6500000,0x00000040e6600000) (1024K)]
  0x000001df76d3b370 JavaThread "Unconstrained build operations Thread 146"        [_thread_blocked, id=33200, stack(0x00000040e6600000,0x00000040e6700000) (1024K)]
  0x000001df76d39fc0 JavaThread "Unconstrained build operations Thread 147"        [_thread_blocked, id=65736, stack(0x00000040e6700000,0x00000040e6800000) (1024K)]
  0x000001df76d3ba00 JavaThread "Unconstrained build operations Thread 148"        [_thread_blocked, id=66236, stack(0x00000040e6800000,0x00000040e6900000) (1024K)]
  0x000001df76d3ace0 JavaThread "Unconstrained build operations Thread 149"        [_thread_blocked, id=38544, stack(0x00000040e6900000,0x00000040e6a00000) (1024K)]
  0x000001df76d38580 JavaThread "Unconstrained build operations Thread 150"        [_thread_blocked, id=57536, stack(0x00000040e6a00000,0x00000040e6b00000) (1024K)]
  0x000001df76d3c090 JavaThread "Unconstrained build operations Thread 151"        [_thread_blocked, id=66904, stack(0x00000040e6b00000,0x00000040e6c00000) (1024K)]
  0x000001df76d364b0 JavaThread "Unconstrained build operations Thread 152"        [_thread_blocked, id=17600, stack(0x00000040e6c00000,0x00000040e6d00000) (1024K)]
  0x000001df76d36b40 JavaThread "Unconstrained build operations Thread 153"        [_thread_blocked, id=49328, stack(0x00000040e6d00000,0x00000040e6e00000) (1024K)]
  0x000001df76d371d0 JavaThread "Unconstrained build operations Thread 154"        [_thread_blocked, id=42628, stack(0x00000040e6e00000,0x00000040e6f00000) (1024K)]
  0x000001df76d39930 JavaThread "Unconstrained build operations Thread 155"        [_thread_blocked, id=56992, stack(0x00000040e6f00000,0x00000040e7000000) (1024K)]
  0x000001df76d37ef0 JavaThread "Unconstrained build operations Thread 156"        [_thread_blocked, id=52044, stack(0x00000040e7000000,0x00000040e7100000) (1024K)]
  0x000001df76d3a650 JavaThread "Unconstrained build operations Thread 157"        [_thread_blocked, id=31732, stack(0x00000040e7100000,0x00000040e7200000) (1024K)]
  0x000001df76d35e20 JavaThread "Unconstrained build operations Thread 158"        [_thread_blocked, id=38832, stack(0x00000040e7200000,0x00000040e7300000) (1024K)]
  0x000001df76d3c720 JavaThread "Unconstrained build operations Thread 159"        [_thread_blocked, id=5388, stack(0x00000040e7300000,0x00000040e7400000) (1024K)]
  0x000001df76d35790 JavaThread "Unconstrained build operations Thread 160"        [_thread_blocked, id=62584, stack(0x00000040e7400000,0x00000040e7500000) (1024K)]
  0x000001df74eeb8a0 JavaThread "Unconstrained build operations Thread 161"        [_thread_blocked, id=53184, stack(0x00000040e7500000,0x00000040e7600000) (1024K)]
  0x000001df74eea4f0 JavaThread "Unconstrained build operations Thread 162"        [_thread_blocked, id=8320, stack(0x00000040e7600000,0x00000040e7700000) (1024K)]
  0x000001df74ee9e60 JavaThread "Unconstrained build operations Thread 163"        [_thread_blocked, id=56252, stack(0x00000040e7700000,0x00000040e7800000) (1024K)]
  0x000001df74eee690 JavaThread "Unconstrained build operations Thread 164"        [_thread_blocked, id=28164, stack(0x00000040e7a00000,0x00000040e7b00000) (1024K)]
  0x000001df74eee000 JavaThread "Unconstrained build operations Thread 165"        [_thread_blocked, id=6580, stack(0x00000040e7b00000,0x00000040e7c00000) (1024K)]
  0x000001df74eebf30 JavaThread "Unconstrained build operations Thread 166"        [_thread_blocked, id=17884, stack(0x00000040e7c00000,0x00000040e7d00000) (1024K)]
  0x000001df74eecc50 JavaThread "Unconstrained build operations Thread 167"        [_thread_blocked, id=18496, stack(0x00000040e7d00000,0x00000040e7e00000) (1024K)]
  0x000001df74eef3b0 JavaThread "Unconstrained build operations Thread 168"        [_thread_blocked, id=52512, stack(0x00000040e7e00000,0x00000040e7f00000) (1024K)]
  0x000001df74ee9140 JavaThread "Unconstrained build operations Thread 169"        [_thread_blocked, id=59372, stack(0x00000040e7f00000,0x00000040e8000000) (1024K)]
  0x000001df74eec5c0 JavaThread "Unconstrained build operations Thread 170"        [_thread_blocked, id=25216, stack(0x00000040e8000000,0x00000040e8100000) (1024K)]
  0x000001df74eed2e0 JavaThread "Unconstrained build operations Thread 171"        [_thread_blocked, id=10980, stack(0x00000040e8100000,0x00000040e8200000) (1024K)]
  0x000001df74eed970 JavaThread "Unconstrained build operations Thread 172"        [_thread_blocked, id=10096, stack(0x00000040e8200000,0x00000040e8300000) (1024K)]
  0x000001df74eeed20 JavaThread "Unconstrained build operations Thread 173"        [_thread_blocked, id=32136, stack(0x00000040e8300000,0x00000040e8400000) (1024K)]
  0x000001df74eefa40 JavaThread "Unconstrained build operations Thread 174"        [_thread_blocked, id=59044, stack(0x00000040e8400000,0x00000040e8500000) (1024K)]
  0x000001df74ee8ab0 JavaThread "Unconstrained build operations Thread 175"        [_thread_blocked, id=56784, stack(0x00000040e8600000,0x00000040e8700000) (1024K)]
  0x000001df74ef00d0 JavaThread "Unconstrained build operations Thread 176"        [_thread_blocked, id=5728, stack(0x00000040e8700000,0x00000040e8800000) (1024K)]
  0x000001df74eeab80 JavaThread "Unconstrained build operations Thread 177"        [_thread_blocked, id=7964, stack(0x00000040e8800000,0x00000040e8900000) (1024K)]
  0x000001df74ef0760 JavaThread "Unconstrained build operations Thread 178"        [_thread_blocked, id=19880, stack(0x00000040e8900000,0x00000040e8a00000) (1024K)]
  0x000001df74ee97d0 JavaThread "Unconstrained build operations Thread 179"        [_thread_blocked, id=66508, stack(0x00000040e8a00000,0x00000040e8b00000) (1024K)]
  0x000001df74ef0df0 JavaThread "Unconstrained build operations Thread 180"        [_thread_blocked, id=64656, stack(0x00000040e8b00000,0x00000040e8c00000) (1024K)]
  0x000001df74ef1480 JavaThread "Unconstrained build operations Thread 181"        [_thread_blocked, id=56428, stack(0x00000040e8c00000,0x00000040e8d00000) (1024K)]
  0x000001df74ef1b10 JavaThread "Unconstrained build operations Thread 182"        [_thread_blocked, id=44128, stack(0x00000040e8d00000,0x00000040e8e00000) (1024K)]
  0x000001df74ef21a0 JavaThread "Unconstrained build operations Thread 183"        [_thread_blocked, id=57576, stack(0x00000040e8e00000,0x00000040e8f00000) (1024K)]
  0x000001df74eeb210 JavaThread "Unconstrained build operations Thread 184"        [_thread_blocked, id=37240, stack(0x00000040e8f00000,0x00000040e9000000) (1024K)]
  0x000001df74ef69d0 JavaThread "Unconstrained build operations Thread 185"        [_thread_blocked, id=60096, stack(0x00000040e9000000,0x00000040e9100000) (1024K)]
  0x000001df74ef5cb0 JavaThread "Unconstrained build operations Thread 186"        [_thread_blocked, id=39768, stack(0x00000040e9100000,0x00000040e9200000) (1024K)]
  0x000001df74ef2830 JavaThread "Unconstrained build operations Thread 187"        [_thread_blocked, id=27596, stack(0x00000040e9200000,0x00000040e9300000) (1024K)]
  0x000001df74ef7d80 JavaThread "Unconstrained build operations Thread 188"        [_thread_blocked, id=62848, stack(0x00000040e9300000,0x00000040e9400000) (1024K)]
  0x000001df74ef6340 JavaThread "Unconstrained build operations Thread 189"        [_thread_blocked, id=53308, stack(0x00000040e9400000,0x00000040e9500000) (1024K)]
  0x000001df74ef2ec0 JavaThread "Unconstrained build operations Thread 190"        [_thread_blocked, id=28228, stack(0x00000040e9500000,0x00000040e9600000) (1024K)]
  0x000001df74ef3550 JavaThread "Unconstrained build operations Thread 191"        [_thread_blocked, id=26948, stack(0x00000040e9600000,0x00000040e9700000) (1024K)]
  0x000001df74ef7060 JavaThread "Unconstrained build operations Thread 192"        [_thread_blocked, id=17332, stack(0x00000040e9700000,0x00000040e9800000) (1024K)]
  0x000001df74ef5620 JavaThread "Unconstrained build operations Thread 193"        [_thread_blocked, id=31012, stack(0x00000040e9800000,0x00000040e9900000) (1024K)]
  0x000001df74ef76f0 JavaThread "Unconstrained build operations Thread 194"        [_thread_blocked, id=39344, stack(0x00000040e9900000,0x00000040e9a00000) (1024K)]
  0x000001df74ef3be0 JavaThread "Unconstrained build operations Thread 195"        [_thread_blocked, id=47764, stack(0x00000040e9a00000,0x00000040e9b00000) (1024K)]
  0x000001df74ef4270 JavaThread "Unconstrained build operations Thread 196"        [_thread_blocked, id=39984, stack(0x00000040e9b00000,0x00000040e9c00000) (1024K)]
  0x000001df74ef4900 JavaThread "Unconstrained build operations Thread 197"        [_thread_blocked, id=20204, stack(0x00000040e9c00000,0x00000040e9d00000) (1024K)]
  0x000001df74ef4f90 JavaThread "Unconstrained build operations Thread 198"        [_thread_blocked, id=46456, stack(0x00000040e9d00000,0x00000040e9e00000) (1024K)]
  0x000001df7f4121a0 JavaThread "Unconstrained build operations Thread 199"        [_thread_blocked, id=2980, stack(0x00000040e9e00000,0x00000040e9f00000) (1024K)]
  0x000001df7f413be0 JavaThread "Unconstrained build operations Thread 200"        [_thread_blocked, id=17892, stack(0x00000040e9f00000,0x00000040ea000000) (1024K)]
  0x000001df7f3fbf40 JavaThread "jar transforms Thread 17"          [_thread_blocked, id=20668, stack(0x00000040eaf00000,0x00000040eb000000) (1024K)]
  0x000001df7fc891f0 JavaThread "C2 CompilerThread1"         daemon [_thread_blocked, id=55004, stack(0x00000040da400000,0x00000040da500000) (1024K)]
  0x000001df7fc88450 JavaThread "C1 CompilerThread1"         daemon [_thread_blocked, id=43348, stack(0x00000040daf00000,0x00000040db000000) (1024K)]
  0x000001df7fc8a660 JavaThread "C1 CompilerThread2"         daemon [_thread_blocked, id=59208, stack(0x00000040dcc00000,0x00000040dcd00000) (1024K)]
  0x000001df7fc84700 JavaThread "C1 CompilerThread3"         daemon [_thread_blocked, id=62480, stack(0x00000040dcd00000,0x00000040dce00000) (1024K)]
  0x000001df7fc876b0 JavaThread "C2 CompilerThread2"         daemon [_thread_blocked, id=67380, stack(0x00000040ea000000,0x00000040ea100000) (1024K)]
  0x000001df7fc854a0 JavaThread "C2 CompilerThread3"         daemon [_thread_blocked, id=55944, stack(0x00000040ea100000,0x00000040ea200000) (1024K)]
  0x000001df7fc898c0 JavaThread "C2 CompilerThread4"         daemon [_thread_blocked, id=24256, stack(0x00000040ea200000,0x00000040ea300000) (1024K)]
  0x000001df7fc84dd0 JavaThread "C2 CompilerThread5"         daemon [_thread_in_native, id=53328, stack(0x00000040ea600000,0x00000040ea700000) (1024K)]
  0x000001df7fc86910 JavaThread "C2 CompilerThread6"         daemon [_thread_in_native, id=58960, stack(0x00000040ea700000,0x00000040ea800000) (1024K)]
  0x000001df7fc83290 JavaThread "C2 CompilerThread7"         daemon [_thread_blocked, id=47724, stack(0x00000040eb200000,0x00000040eb300000) (1024K)]
Total: 286

Other Threads:
=>0x000001df6aa9be40 VMThread "VM Thread"                           [id=42272, stack(0x00000040d8300000,0x00000040d8400000) (1024K)]
  0x000001df6aa56260 WatcherThread "VM Periodic Task Thread"        [id=54648, stack(0x00000040d8200000,0x00000040d8300000) (1024K)]
  0x000001df3ca30640 WorkerThread "GC Thread#0"                     [id=39988, stack(0x00000040d7d00000,0x00000040d7e00000) (1024K)]
  0x000001df72475660 WorkerThread "GC Thread#1"                     [id=34980, stack(0x00000040d9500000,0x00000040d9600000) (1024K)]
  0x000001df724f9c80 WorkerThread "GC Thread#2"                     [id=1128, stack(0x00000040d9600000,0x00000040d9700000) (1024K)]
  0x000001df724218b0 WorkerThread "GC Thread#3"                     [id=36276, stack(0x00000040d9700000,0x00000040d9800000) (1024K)]
  0x000001df72421c50 WorkerThread "GC Thread#4"                     [id=23428, stack(0x00000040d9800000,0x00000040d9900000) (1024K)]
  0x000001df72469740 WorkerThread "GC Thread#5"                     [id=48832, stack(0x00000040d9900000,0x00000040d9a00000) (1024K)]
  0x000001df72469ae0 WorkerThread "GC Thread#6"                     [id=27988, stack(0x00000040d9a00000,0x00000040d9b00000) (1024K)]
  0x000001df72675310 WorkerThread "GC Thread#7"                     [id=50224, stack(0x00000040d9b00000,0x00000040d9c00000) (1024K)]
  0x000001df72675ac0 WorkerThread "GC Thread#8"                     [id=33232, stack(0x00000040d9c00000,0x00000040d9d00000) (1024K)]
  0x000001df72675e60 WorkerThread "GC Thread#9"                     [id=68448, stack(0x00000040d9d00000,0x00000040d9e00000) (1024K)]
  0x000001df72676200 WorkerThread "GC Thread#10"                    [id=58072, stack(0x00000040d9e00000,0x00000040d9f00000) (1024K)]
  0x000001df727db440 WorkerThread "GC Thread#11"                    [id=30632, stack(0x00000040d9f00000,0x00000040da000000) (1024K)]
  0x000001df727da960 WorkerThread "GC Thread#12"                    [id=21848, stack(0x00000040da800000,0x00000040da900000) (1024K)]
  0x000001df727da220 WorkerThread "GC Thread#13"                    [id=27528, stack(0x00000040da900000,0x00000040daa00000) (1024K)]
  0x000001df727dad00 WorkerThread "GC Thread#14"                    [id=28400, stack(0x00000040daa00000,0x00000040dab00000) (1024K)]
  0x000001df6a8a8440 ConcurrentGCThread "G1 Main Marker"            [id=59232, stack(0x00000040d7e00000,0x00000040d7f00000) (1024K)]
  0x000001df6a8a9580 WorkerThread "G1 Conc#0"                       [id=41964, stack(0x00000040d7f00000,0x00000040d8000000) (1024K)]
  0x000001df727db0a0 WorkerThread "G1 Conc#1"                       [id=65516, stack(0x00000040dab00000,0x00000040dac00000) (1024K)]
  0x000001df73d17e20 WorkerThread "G1 Conc#2"                       [id=39812, stack(0x00000040dac00000,0x00000040dad00000) (1024K)]
  0x000001df73d18ca0 WorkerThread "G1 Conc#3"                       [id=9120, stack(0x00000040dad00000,0x00000040dae00000) (1024K)]
  0x000001df6a9952d0 ConcurrentGCThread "G1 Refine#0"               [id=19616, stack(0x00000040d8000000,0x00000040d8100000) (1024K)]
  0x000001df6a995ce0 ConcurrentGCThread "G1 Service"                [id=61148, stack(0x00000040d8100000,0x00000040d8200000) (1024K)]
Total: 24

Threads with active compile tasks:
C2 CompilerThread0  2847244 26609       4       org.objectweb.asm.ClassReader::readCode (5117 bytes)
C1 CompilerThread0  2847244 27092       3       org.apache.commons.compress.archivers.zip.ZipArchiveOutputStream::createCentralFileHeader (140 bytes)
C2 CompilerThread1  2847244 27040       4       org.objectweb.asm.ClassWriter::toByteArray (1535 bytes)
C1 CompilerThread1  2847245 27093       3       org.apache.commons.compress.archivers.zip.ZipArchiveOutputStream::handleZip64Extra (203 bytes)
C1 CompilerThread3  2847245 27094       3       org.apache.commons.compress.archivers.zip.ExtraFieldUtils::mergeCentralDirectoryData (232 bytes)
C2 CompilerThread2  2847245 26830       4       org.gradle.internal.classpath.transforms.InstrumentingBackwardsCompatibilityVisitor$BackwardCompatibilityMethodVisitor::visitMethodInsn (26 bytes)
C2 CompilerThread3  2847245 26827       4       org.gradle.internal.classpath.transforms.AdhocInterceptors::visitMethodInsn (80 bytes)
C2 CompilerThread4  2847245 27068       4       org.objectweb.asm.MethodWriter::visitLdcInsn (215 bytes)
C2 CompilerThread5  2847245 26965       4       org.objectweb.asm.SymbolTable::addConstant (317 bytes)
C2 CompilerThread6  2847245 26945       4       org.objectweb.asm.ClassWriter::visitMethod (57 bytes)
C2 CompilerThread7  2847245 27071       4       org.objectweb.asm.ClassReader::accept (1419 bytes)
Total: 11

VM state: at safepoint (normal execution)

VM Mutex/Monitor currently owned by a thread:  ([mutex/lock_event])
[0x00007ffd7c2dd360] Threads_lock - owner thread: 0x000001df6aa9be40
[0x00007ffd7c2dd460] Heap_lock - owner thread: 0x000001df00528890

Heap address: 0x0000000600000000, size: 8192 MB, Compressed Oops mode: Zero based, Oop shift amount: 3

CDS archive(s) not mapped
Compressed class space mapped at: 0x0000000800000000-0x0000000840000000, reserved size: 1073741824
Narrow klass base: 0x0000000800000000, Narrow klass shift: 0, Narrow klass range: 0x40000000

GC Precious Log:
 CardTable entry size: 512
 Card Set container configuration: InlinePtr #cards 4 size 8 Array Of Cards #cards 32 size 80 Howl #buckets 8 coarsen threshold 7372 Howl Bitmap #cards 1024 size 144 coarsen threshold 921 Card regions per heap region 1 cards per card region 8192
 CPUs: 20 total, 20 available
 Memory: 32687M
 Large Page Support: Disabled
 NUMA Support: Disabled
 Compressed Oops: Enabled (Zero based)
 Heap Region Size: 4M
 Heap Min Capacity: 8M
 Heap Initial Capacity: 512M
 Heap Max Capacity: 8G
 Pre-touch: Disabled
 Parallel Workers: 15
 Concurrent Workers: 4
 Concurrent Refinement Workers: 15
 Periodic GC: Disabled

Heap:
 garbage-first heap   total 524288K, used 281215K [0x0000000600000000, 0x0000000800000000)
  region size 4096K, 4 young (16384K), 4 survivors (16384K)
 Metaspace       used 152193K, committed 155008K, reserved 1245184K
  class space    used 20467K, committed 21824K, reserved 1048576K

Heap Regions: E=young(eden), S=young(survivor), O=old, HS=humongous(starts), HC=humongous(continues), CS=collection set, F=free, TAMS=top-at-mark-start, PB=parsable bottom
|   0|0x0000000600000000, 0x0000000600400000, 0x0000000600400000|100%|HS|  |TAMS 0x0000000600400000| PB 0x0000000600000000| Complete 
|   1|0x0000000600400000, 0x0000000600800000, 0x0000000600800000|100%| O|  |TAMS 0x0000000600800000| PB 0x0000000600400000| Untracked 
|   2|0x0000000600800000, 0x0000000600c00000, 0x0000000600c00000|100%| O|  |TAMS 0x0000000600c00000| PB 0x0000000600800000| Updating 
|   3|0x0000000600c00000, 0x0000000601000000, 0x0000000601000000|100%| O|  |TAMS 0x0000000601000000| PB 0x0000000600c00000| Untracked 
|   4|0x0000000601000000, 0x0000000601400000, 0x0000000601400000|100%| O|  |TAMS 0x0000000601400000| PB 0x0000000601000000| Untracked 
|   5|0x0000000601400000, 0x0000000601800000, 0x0000000601800000|100%| O|  |TAMS 0x0000000601800000| PB 0x0000000601400000| Untracked 
|   6|0x0000000601800000, 0x0000000601c00000, 0x0000000601c00000|100%| O|  |TAMS 0x0000000601c00000| PB 0x0000000601800000| Updating 
|   7|0x0000000601c00000, 0x0000000602000000, 0x0000000602000000|100%| O|  |TAMS 0x0000000602000000| PB 0x0000000601c00000| Untracked 
|   8|0x0000000602000000, 0x0000000602400000, 0x0000000602400000|100%| O|  |TAMS 0x0000000602400000| PB 0x0000000602000000| Untracked 
|   9|0x0000000602400000, 0x0000000602800000, 0x0000000602800000|100%| O|  |TAMS 0x0000000602800000| PB 0x0000000602400000| Untracked 
|  10|0x0000000602800000, 0x0000000602c00000, 0x0000000602c00000|100%| O|  |TAMS 0x0000000602c00000| PB 0x0000000602800000| Updating 
|  11|0x0000000602c00000, 0x0000000603000000, 0x0000000603000000|100%| O|  |TAMS 0x0000000603000000| PB 0x0000000602c00000| Untracked 
|  12|0x0000000603000000, 0x0000000603400000, 0x0000000603400000|100%| O|  |TAMS 0x0000000603400000| PB 0x0000000603000000| Untracked 
|  13|0x0000000603400000, 0x0000000603800000, 0x0000000603800000|100%| O|  |TAMS 0x0000000603800000| PB 0x0000000603400000| Updating 
|  14|0x0000000603800000, 0x0000000603c00000, 0x0000000603c00000|100%| O|  |TAMS 0x0000000603c00000| PB 0x0000000603800000| Updating 
|  15|0x0000000603c00000, 0x0000000604000000, 0x0000000604000000|100%| O|  |TAMS 0x0000000604000000| PB 0x0000000603c00000| Untracked 
|  16|0x0000000604000000, 0x0000000604400000, 0x0000000604400000|100%| O|  |TAMS 0x0000000604400000| PB 0x0000000604000000| Untracked 
|  17|0x0000000604400000, 0x0000000604800000, 0x0000000604800000|100%| O|  |TAMS 0x0000000604800000| PB 0x0000000604400000| Untracked 
|  18|0x0000000604800000, 0x0000000604c00000, 0x0000000604c00000|100%| O|  |TAMS 0x0000000604c00000| PB 0x0000000604800000| Updating 
|  19|0x0000000604c00000, 0x0000000605000000, 0x0000000605000000|100%| O|  |TAMS 0x0000000605000000| PB 0x0000000604c00000| Untracked 
|  20|0x0000000605000000, 0x0000000605400000, 0x0000000605400000|100%| O|  |TAMS 0x0000000605400000| PB 0x0000000605000000| Updating 
|  21|0x0000000605400000, 0x0000000605800000, 0x0000000605800000|100%| O|  |TAMS 0x0000000605800000| PB 0x0000000605400000| Updating 
|  22|0x0000000605800000, 0x0000000605c00000, 0x0000000605c00000|100%| O|  |TAMS 0x0000000605c00000| PB 0x0000000605800000| Updating 
|  23|0x0000000605c00000, 0x0000000606000000, 0x0000000606000000|100%| O|  |TAMS 0x0000000606000000| PB 0x0000000605c00000| Untracked 
|  24|0x0000000606000000, 0x0000000606400000, 0x0000000606400000|100%| O|  |TAMS 0x0000000606400000| PB 0x0000000606000000| Untracked 
|  25|0x0000000606400000, 0x0000000606800000, 0x0000000606800000|100%| O|  |TAMS 0x0000000606800000| PB 0x0000000606400000| Updating 
|  26|0x0000000606800000, 0x0000000606c00000, 0x0000000606c00000|100%| O|  |TAMS 0x0000000606c00000| PB 0x0000000606800000| Updating 
|  27|0x0000000606c00000, 0x0000000607000000, 0x0000000607000000|100%| O|  |TAMS 0x0000000607000000| PB 0x0000000606c00000| Updating 
|  28|0x0000000607000000, 0x0000000607400000, 0x0000000607400000|100%| O|  |TAMS 0x0000000607400000| PB 0x0000000607000000| Updating 
|  29|0x0000000607400000, 0x0000000607800000, 0x0000000607800000|100%| O|  |TAMS 0x0000000607800000| PB 0x0000000607400000| Untracked 
|  30|0x0000000607800000, 0x0000000607c00000, 0x0000000607c00000|100%| O|  |TAMS 0x0000000607c00000| PB 0x0000000607800000| Updating 
|  31|0x0000000607c00000, 0x0000000608000000, 0x0000000608000000|100%| O|  |TAMS 0x0000000607c00000| PB 0x0000000607c00000| Untracked 
|  32|0x0000000608000000, 0x0000000608400000, 0x0000000608400000|100%| O|  |TAMS 0x0000000608000000| PB 0x0000000608000000| Updating 
|  33|0x0000000608400000, 0x0000000608800000, 0x0000000608800000|100%| O|  |TAMS 0x0000000608800000| PB 0x0000000608400000| Updating 
|  34|0x0000000608800000, 0x0000000608c00000, 0x0000000608c00000|100%| O|  |TAMS 0x0000000608c00000| PB 0x0000000608800000| Untracked 
|  35|0x0000000608c00000, 0x0000000609000000, 0x0000000609000000|100%| O|  |TAMS 0x0000000609000000| PB 0x0000000608c00000| Updating 
|  36|0x0000000609000000, 0x0000000609400000, 0x0000000609400000|100%| O|  |TAMS 0x0000000609400000| PB 0x0000000609000000| Untracked 
|  37|0x0000000609400000, 0x0000000609800000, 0x0000000609800000|100%| O|  |TAMS 0x0000000609800000| PB 0x0000000609400000| Untracked 
|  38|0x0000000609800000, 0x0000000609c00000, 0x0000000609c00000|100%| O|  |TAMS 0x0000000609800000| PB 0x0000000609800000| Untracked 
|  39|0x0000000609c00000, 0x000000060a000000, 0x000000060a000000|100%| O|  |TAMS 0x000000060a000000| PB 0x0000000609c00000| Updating 
|  40|0x000000060a000000, 0x000000060a400000, 0x000000060a400000|100%| O|  |TAMS 0x000000060a400000| PB 0x000000060a000000| Untracked 
|  41|0x000000060a400000, 0x000000060a800000, 0x000000060a800000|100%| O|  |TAMS 0x000000060a800000| PB 0x000000060a400000| Untracked 
|  42|0x000000060a800000, 0x000000060ac00000, 0x000000060ac00000|100%| O|  |TAMS 0x000000060ac00000| PB 0x000000060a800000| Untracked 
|  43|0x000000060ac00000, 0x000000060b000000, 0x000000060b000000|100%| O|  |TAMS 0x000000060b000000| PB 0x000000060ac00000| Untracked 
|  44|0x000000060b000000, 0x000000060b400000, 0x000000060b400000|100%| O|  |TAMS 0x000000060b400000| PB 0x000000060b000000| Untracked 
|  45|0x000000060b400000, 0x000000060b800000, 0x000000060b800000|100%| O|  |TAMS 0x000000060b800000| PB 0x000000060b400000| Untracked 
|  46|0x000000060b800000, 0x000000060bc00000, 0x000000060bc00000|100%| O|  |TAMS 0x000000060bc00000| PB 0x000000060b800000| Updating 
|  47|0x000000060bc00000, 0x000000060c000000, 0x000000060c000000|100%| O|  |TAMS 0x000000060c000000| PB 0x000000060bc00000| Updating 
|  48|0x000000060c000000, 0x000000060c400000, 0x000000060c400000|100%| O|  |TAMS 0x000000060c400000| PB 0x000000060c000000| Untracked 
|  49|0x000000060c400000, 0x000000060c800000, 0x000000060c800000|100%| O|  |TAMS 0x000000060c800000| PB 0x000000060c400000| Untracked 
|  50|0x000000060c800000, 0x000000060cc00000, 0x000000060cc00000|100%| O|  |TAMS 0x000000060cc00000| PB 0x000000060c800000| Updating 
|  51|0x000000060cc00000, 0x000000060d000000, 0x000000060d000000|100%| O|  |TAMS 0x000000060cc00000| PB 0x000000060cc00000| Untracked 
|  52|0x000000060d000000, 0x000000060d400000, 0x000000060d400000|100%| O|  |TAMS 0x000000060d1a5b00| PB 0x000000060d000000| Updating 
|  53|0x000000060d400000, 0x000000060d800000, 0x000000060d800000|100%| O|  |TAMS 0x000000060d800000| PB 0x000000060d800000| Untracked 
|  54|0x000000060d800000, 0x000000060dc00000, 0x000000060dc00000|100%| O|  |TAMS 0x000000060dc00000| PB 0x000000060dc00000| Untracked 
|  55|0x000000060dc00000, 0x000000060e000000, 0x000000060e000000|100%| O|  |TAMS 0x000000060e000000| PB 0x000000060e000000| Untracked 
|  56|0x000000060e000000, 0x000000060e400000, 0x000000060e400000|100%| O|  |TAMS 0x000000060e400000| PB 0x000000060e400000| Untracked 
|  57|0x000000060e400000, 0x000000060e800000, 0x000000060e800000|100%| O|  |TAMS 0x000000060e800000| PB 0x000000060e800000| Updating 
|  58|0x000000060e800000, 0x000000060ec00000, 0x000000060ec00000|100%| O|  |TAMS 0x000000060ec00000| PB 0x000000060ec00000| Updating 
|  59|0x000000060ec00000, 0x000000060ec86358, 0x000000060f000000| 13%| O|  |TAMS 0x000000060ec00000| PB 0x000000060ec00000| Untracked 
|  60|0x000000060f000000, 0x000000060f000000, 0x000000060f400000|  0%| F|  |TAMS 0x000000060f000000| PB 0x000000060f000000| Untracked 
|  61|0x000000060f400000, 0x000000060f400000, 0x000000060f800000|  0%| F|  |TAMS 0x000000060f400000| PB 0x000000060f400000| Untracked 
|  62|0x000000060f800000, 0x000000060f800000, 0x000000060fc00000|  0%| F|  |TAMS 0x000000060f800000| PB 0x000000060f800000| Untracked 
|  63|0x000000060fc00000, 0x000000060fc00000, 0x0000000610000000|  0%| F|  |TAMS 0x000000060fc00000| PB 0x000000060fc00000| Untracked 
|  64|0x0000000610000000, 0x0000000610000000, 0x0000000610400000|  0%| F|  |TAMS 0x0000000610000000| PB 0x0000000610000000| Untracked 
|  65|0x0000000610400000, 0x0000000610800000, 0x0000000610800000|100%| O|  |TAMS 0x0000000610800000| PB 0x0000000610400000| Updating 
|  66|0x0000000610800000, 0x0000000610c00000, 0x0000000610c00000|100%| O|  |TAMS 0x0000000610c00000| PB 0x0000000610800000| Untracked 
|  67|0x0000000610c00000, 0x0000000611000000, 0x0000000611000000|100%| O|  |TAMS 0x0000000611000000| PB 0x0000000610c00000| Untracked 
|  68|0x0000000611000000, 0x0000000611400000, 0x0000000611400000|100%| O|  |TAMS 0x0000000611400000| PB 0x0000000611000000| Untracked 
|  69|0x0000000611400000, 0x0000000611400000, 0x0000000611800000|  0%| F|  |TAMS 0x0000000611400000| PB 0x0000000611400000| Untracked 
|  70|0x0000000611800000, 0x0000000611c00000, 0x0000000611c00000|100%| O|  |TAMS 0x0000000611c00000| PB 0x0000000611800000| Untracked 
|  71|0x0000000611c00000, 0x0000000612000000, 0x0000000612000000|100%| O|  |TAMS 0x0000000612000000| PB 0x0000000611c00000| Updating 
|  72|0x0000000612000000, 0x0000000612000000, 0x0000000612400000|  0%| F|  |TAMS 0x0000000612000000| PB 0x0000000612000000| Untracked 
|  73|0x0000000612400000, 0x0000000612400000, 0x0000000612800000|  0%| F|  |TAMS 0x0000000612400000| PB 0x0000000612400000| Untracked 
|  74|0x0000000612800000, 0x0000000612800000, 0x0000000612c00000|  0%| F|  |TAMS 0x0000000612800000| PB 0x0000000612800000| Untracked 
|  75|0x0000000612c00000, 0x0000000612c00000, 0x0000000613000000|  0%| F|  |TAMS 0x0000000612c00000| PB 0x0000000612c00000| Untracked 
|  76|0x0000000613000000, 0x0000000613000000, 0x0000000613400000|  0%| F|  |TAMS 0x0000000613000000| PB 0x0000000613000000| Untracked 
|  77|0x0000000613400000, 0x0000000613400000, 0x0000000613800000|  0%| F|  |TAMS 0x0000000613400000| PB 0x0000000613400000| Untracked 
|  78|0x0000000613800000, 0x0000000613a19980, 0x0000000613c00000| 52%| S|CS|TAMS 0x0000000613800000| PB 0x0000000613800000| Complete 
|  79|0x0000000613c00000, 0x0000000614000000, 0x0000000614000000|100%| S|CS|TAMS 0x0000000613c00000| PB 0x0000000613c00000| Complete 
|  80|0x0000000614000000, 0x0000000614400000, 0x0000000614400000|100%| S|CS|TAMS 0x0000000614000000| PB 0x0000000614000000| Complete 
|  81|0x0000000614400000, 0x0000000614800000, 0x0000000614800000|100%| S|CS|TAMS 0x0000000614400000| PB 0x0000000614400000| Complete 
|  82|0x0000000614800000, 0x0000000614800000, 0x0000000614c00000|  0%| F|  |TAMS 0x0000000614800000| PB 0x0000000614800000| Untracked 
|  83|0x0000000614c00000, 0x0000000614c00000, 0x0000000615000000|  0%| F|  |TAMS 0x0000000614c00000| PB 0x0000000614c00000| Untracked 
|  84|0x0000000615000000, 0x0000000615000000, 0x0000000615400000|  0%| F|  |TAMS 0x0000000615000000| PB 0x0000000615000000| Untracked 
|  85|0x0000000615400000, 0x0000000615400000, 0x0000000615800000|  0%| F|  |TAMS 0x0000000615400000| PB 0x0000000615400000| Untracked 
|  86|0x0000000615800000, 0x0000000615800000, 0x0000000615c00000|  0%| F|  |TAMS 0x0000000615800000| PB 0x0000000615800000| Untracked 
|  87|0x0000000615c00000, 0x0000000615c00000, 0x0000000616000000|  0%| F|  |TAMS 0x0000000615c00000| PB 0x0000000615c00000| Untracked 
|  88|0x0000000616000000, 0x0000000616000000, 0x0000000616400000|  0%| F|  |TAMS 0x0000000616000000| PB 0x0000000616000000| Untracked 
|  89|0x0000000616400000, 0x0000000616400000, 0x0000000616800000|  0%| F|  |TAMS 0x0000000616400000| PB 0x0000000616400000| Untracked 
|  90|0x0000000616800000, 0x0000000616800000, 0x0000000616c00000|  0%| F|  |TAMS 0x0000000616800000| PB 0x0000000616800000| Untracked 
|  91|0x0000000616c00000, 0x0000000616c00000, 0x0000000617000000|  0%| F|  |TAMS 0x0000000616c00000| PB 0x0000000616c00000| Untracked 
|  92|0x0000000617000000, 0x0000000617000000, 0x0000000617400000|  0%| F|  |TAMS 0x0000000617000000| PB 0x0000000617000000| Untracked 
|  93|0x0000000617400000, 0x0000000617400000, 0x0000000617800000|  0%| F|  |TAMS 0x0000000617400000| PB 0x0000000617400000| Untracked 
|  94|0x0000000617800000, 0x0000000617800000, 0x0000000617c00000|  0%| F|  |TAMS 0x0000000617800000| PB 0x0000000617800000| Untracked 
|  95|0x0000000617c00000, 0x0000000617c00000, 0x0000000618000000|  0%| F|  |TAMS 0x0000000617c00000| PB 0x0000000617c00000| Untracked 
|  96|0x0000000618000000, 0x0000000618000000, 0x0000000618400000|  0%| F|  |TAMS 0x0000000618000000| PB 0x0000000618000000| Untracked 
|  97|0x0000000618400000, 0x0000000618400000, 0x0000000618800000|  0%| F|  |TAMS 0x0000000618400000| PB 0x0000000618400000| Untracked 
|  98|0x0000000618800000, 0x0000000618800000, 0x0000000618c00000|  0%| F|  |TAMS 0x0000000618800000| PB 0x0000000618800000| Untracked 
|  99|0x0000000618c00000, 0x0000000618c00000, 0x0000000619000000|  0%| F|  |TAMS 0x0000000618c00000| PB 0x0000000618c00000| Untracked 
| 100|0x0000000619000000, 0x0000000619000000, 0x0000000619400000|  0%| F|  |TAMS 0x0000000619000000| PB 0x0000000619000000| Untracked 
| 101|0x0000000619400000, 0x0000000619400000, 0x0000000619800000|  0%| F|  |TAMS 0x0000000619400000| PB 0x0000000619400000| Untracked 
| 102|0x0000000619800000, 0x0000000619800000, 0x0000000619c00000|  0%| F|  |TAMS 0x0000000619800000| PB 0x0000000619800000| Untracked 
| 103|0x0000000619c00000, 0x0000000619c00000, 0x000000061a000000|  0%| F|  |TAMS 0x0000000619c00000| PB 0x0000000619c00000| Untracked 
| 104|0x000000061a000000, 0x000000061a000000, 0x000000061a400000|  0%| F|  |TAMS 0x000000061a000000| PB 0x000000061a000000| Untracked 
| 105|0x000000061a400000, 0x000000061a400000, 0x000000061a800000|  0%| F|  |TAMS 0x000000061a400000| PB 0x000000061a400000| Untracked 
| 106|0x000000061a800000, 0x000000061a800000, 0x000000061ac00000|  0%| F|  |TAMS 0x000000061a800000| PB 0x000000061a800000| Untracked 
| 107|0x000000061ac00000, 0x000000061ac00000, 0x000000061b000000|  0%| F|  |TAMS 0x000000061ac00000| PB 0x000000061ac00000| Untracked 
| 108|0x000000061b000000, 0x000000061b000000, 0x000000061b400000|  0%| F|  |TAMS 0x000000061b000000| PB 0x000000061b000000| Untracked 
| 109|0x000000061b400000, 0x000000061b400000, 0x000000061b800000|  0%| F|  |TAMS 0x000000061b400000| PB 0x000000061b400000| Untracked 
| 110|0x000000061b800000, 0x000000061b800000, 0x000000061bc00000|  0%| F|  |TAMS 0x000000061b800000| PB 0x000000061b800000| Untracked 
| 111|0x000000061bc00000, 0x000000061bc00000, 0x000000061c000000|  0%| F|  |TAMS 0x000000061bc00000| PB 0x000000061bc00000| Untracked 
| 112|0x000000061c000000, 0x000000061c000000, 0x000000061c400000|  0%| F|  |TAMS 0x000000061c000000| PB 0x000000061c000000| Untracked 
| 113|0x000000061c400000, 0x000000061c400000, 0x000000061c800000|  0%| F|  |TAMS 0x000000061c400000| PB 0x000000061c400000| Untracked 
| 114|0x000000061c800000, 0x000000061c800000, 0x000000061cc00000|  0%| F|  |TAMS 0x000000061c800000| PB 0x000000061c800000| Untracked 
| 115|0x000000061cc00000, 0x000000061cc00000, 0x000000061d000000|  0%| F|  |TAMS 0x000000061cc00000| PB 0x000000061cc00000| Untracked 
| 116|0x000000061d000000, 0x000000061d000000, 0x000000061d400000|  0%| F|  |TAMS 0x000000061d000000| PB 0x000000061d000000| Untracked 
| 117|0x000000061d400000, 0x000000061d400000, 0x000000061d800000|  0%| F|  |TAMS 0x000000061d400000| PB 0x000000061d400000| Untracked 
| 118|0x000000061d800000, 0x000000061d800000, 0x000000061dc00000|  0%| F|  |TAMS 0x000000061d800000| PB 0x000000061d800000| Untracked 
| 119|0x000000061dc00000, 0x000000061dc00000, 0x000000061e000000|  0%| F|  |TAMS 0x000000061dc00000| PB 0x000000061dc00000| Untracked 
| 120|0x000000061e000000, 0x000000061e000000, 0x000000061e400000|  0%| F|  |TAMS 0x000000061e000000| PB 0x000000061e000000| Untracked 
| 121|0x000000061e400000, 0x000000061e400000, 0x000000061e800000|  0%| F|  |TAMS 0x000000061e400000| PB 0x000000061e400000| Untracked 
| 122|0x000000061e800000, 0x000000061e800000, 0x000000061ec00000|  0%| F|  |TAMS 0x000000061e800000| PB 0x000000061e800000| Untracked 
| 123|0x000000061ec00000, 0x000000061ec00000, 0x000000061f000000|  0%| F|  |TAMS 0x000000061ec00000| PB 0x000000061ec00000| Untracked 
| 124|0x000000061f000000, 0x000000061f000000, 0x000000061f400000|  0%| F|  |TAMS 0x000000061f000000| PB 0x000000061f000000| Untracked 
| 125|0x000000061f400000, 0x000000061f400000, 0x000000061f800000|  0%| F|  |TAMS 0x000000061f400000| PB 0x000000061f400000| Untracked 
| 126|0x000000061f800000, 0x000000061f800000, 0x000000061fc00000|  0%| F|  |TAMS 0x000000061f800000| PB 0x000000061f800000| Untracked 
| 127|0x000000061fc00000, 0x000000061fc00000, 0x0000000620000000|  0%| F|  |TAMS 0x000000061fc00000| PB 0x000000061fc00000| Untracked 

Card table byte_map: [0x000001df61790000,0x000001df62790000] _byte_map_base: 0x000001df5e790000

Marking Bits: (CMBitMap*) 0x000001df3ca30be0
 Bits: [0x000001df62790000, 0x000001df6a790000)

Polling page: 0x000001df3a920000

Metaspace:

Usage:
  Non-class:    128.64 MB used.
      Class:     19.99 MB used.
       Both:    148.63 MB used.

Virtual space:
  Non-class space:      192.00 MB reserved,     130.06 MB ( 68%) committed,  3 nodes.
      Class space:        1.00 GB reserved,      21.31 MB (  2%) committed,  1 nodes.
             Both:        1.19 GB reserved,     151.38 MB ( 12%) committed. 

Chunk freelists:
   Non-Class:  13.36 MB
       Class:  10.56 MB
        Both:  23.92 MB

MaxMetaspaceSize: 4.00 GB
CompressedClassSpaceSize: 1.00 GB
Initial GC threshold: 21.00 MB
Current GC threshold: 252.31 MB
CDS: off
 - commit_granule_bytes: 65536.
 - commit_granule_words: 8192.
 - virtual_space_node_default_size: 8388608.
 - enlarge_chunks_in_place: 1.
 - use_allocation_guard: 0.


Internal statistics:

num_allocs_failed_limit: 9.
num_arena_births: 5182.
num_arena_deaths: 4.
num_vsnodes_births: 4.
num_vsnodes_deaths: 0.
num_space_committed: 2422.
num_space_uncommitted: 0.
num_chunks_returned_to_freelist: 16.
num_chunks_taken_from_freelist: 11923.
num_chunk_merges: 6.
num_chunk_splits: 7717.
num_chunks_enlarged: 4862.
num_inconsistent_stats: 0.

CodeHeap 'non-profiled nmethods': size=258432Kb used=15518Kb max_used=18971Kb free=242914Kb
 bounds [0x000001df4fe70000, 0x000001df51170000, 0x000001df5fad0000]
CodeHeap 'profiled nmethods': size=258368Kb used=30974Kb max_used=45296Kb free=227393Kb
 bounds [0x000001df3fad0000, 0x000001df42710000, 0x000001df4f720000]
CodeHeap 'non-nmethods': size=7488Kb used=3999Kb max_used=4204Kb free=3488Kb
 bounds [0x000001df4f720000, 0x000001df4fb50000, 0x000001df4fe70000]
 total_blobs=16268 nmethods=15270 adapters=896
 compilation: enabled
              stopped_count=0, restarted_count=0
 full_count=0

Compilation events (20 events):
Event: 2847.168 Thread 0x000001df7fc876b0 nmethod 26812 0x000001df4ff12410 code [0x000001df4ff125a0, 0x000001df4ff12678]
Event: 2847.168 Thread 0x000001df7fc876b0 26810       4       org.objectweb.asm.MethodVisitor::visitEnd (15 bytes)
Event: 2847.168 Thread 0x000001df7fc876b0 nmethod 26810 0x000001df4fe77490 code [0x000001df4fe77620, 0x000001df4fe776f8]
Event: 2847.168 Thread 0x000001df7fc876b0 26813       4       org.objectweb.asm.MethodVisitor::visitFrame (22 bytes)
Event: 2847.168 Thread 0x000001df7fc876b0 nmethod 26813 0x000001df4ffa0510 code [0x000001df4ffa06a0, 0x000001df4ffa0778]
Event: 2847.168 Thread 0x000001df7fc876b0 26830       4       org.gradle.internal.classpath.transforms.InstrumentingBackwardsCompatibilityVisitor$BackwardCompatibilityMethodVisitor::visitMethodInsn (26 bytes)
Event: 2847.172 Thread 0x000001df7fc854a0 nmethod 26811 0x000001df4fef2a90 code [0x000001df4fef2c80, 0x000001df4fef32f8]
Event: 2847.172 Thread 0x000001df7fc854a0 26827       4       org.gradle.internal.classpath.transforms.AdhocInterceptors::visitMethodInsn (80 bytes)
Event: 2847.179 Thread 0x000001df7fc88450 27084       3       org.objectweb.asm.commons.CodeSizeEvaluator::visitVarInsn (92 bytes)
Event: 2847.179 Thread 0x000001df7fc88450 nmethod 27084 0x000001df3fad3a90 code [0x000001df3fad3c60, 0x000001df3fad3fc0]
Event: 2847.183 Thread 0x000001df7fc8a660 27088       3       org.objectweb.asm.tree.MethodNode::getLabelNode (29 bytes)
Event: 2847.184 Thread 0x000001df7fc8a660 nmethod 27088 0x000001df3fb93d10 code [0x000001df3fb93ee0, 0x000001df3fb94400]
Event: 2847.184 Thread 0x000001df7fc84700 27089       2       org.objectweb.asm.tree.Util::asArrayList (57 bytes)
Event: 2847.184 Thread 0x000001df7fc84700 nmethod 27089 0x000001df3faf1410 code [0x000001df3faf1600, 0x000001df3faf1ab8]
Event: 2847.186 Thread 0x000001df7fc84700 27091       3       org.objectweb.asm.commons.CodeSizeEvaluator::visitLdcInsn (81 bytes)
Event: 2847.187 Thread 0x000001df7fc84700 nmethod 27091 0x000001df3fc72610 code [0x000001df3fc72800, 0x000001df3fc72f10]
Event: 2847.188 Thread 0x000001df6dbc2bd0 27092       3       org.apache.commons.compress.archivers.zip.ZipArchiveOutputStream::createCentralFileHeader (140 bytes)
Event: 2847.188 Thread 0x000001df7fc88450 27093       3       org.apache.commons.compress.archivers.zip.ZipArchiveOutputStream::handleZip64Extra (203 bytes)
Event: 2847.189 Thread 0x000001df7fc84700 27094       3       org.apache.commons.compress.archivers.zip.ExtraFieldUtils::mergeCentralDirectoryData (232 bytes)
Event: 2847.189 Thread 0x000001df6dbc2bd0 nmethod 27092 0x000001df3fddb390 code [0x000001df3fddb620, 0x000001df3fddc1b8]

GC Heap History (20 events):
Event: 2825.648 GC heap after
{Heap after GC invocations=55 (full 0):
 garbage-first heap   total 430080K, used 285361K [0x0000000600000000, 0x0000000800000000)
  region size 4096K, 4 young (16384K), 4 survivors (16384K)
 Metaspace       used 137500K, committed 140352K, reserved 1179648K
  class space    used 18824K, committed 20224K, reserved 1048576K
}
Event: 2826.549 GC heap before
{Heap before GC invocations=56 (full 0):
 garbage-first heap   total 479232K, used 383665K [0x0000000600000000, 0x0000000800000000)
  region size 4096K, 28 young (114688K), 4 survivors (16384K)
 Metaspace       used 143916K, committed 146752K, reserved 1179648K
  class space    used 19597K, committed 20992K, reserved 1048576K
}
Event: 2826.556 GC heap after
{Heap after GC invocations=57 (full 0):
 garbage-first heap   total 479232K, used 292947K [0x0000000600000000, 0x0000000800000000)
  region size 4096K, 2 young (8192K), 2 survivors (8192K)
 Metaspace       used 143916K, committed 146752K, reserved 1179648K
  class space    used 19597K, committed 20992K, reserved 1048576K
}
Event: 2836.631 GC heap before
{Heap before GC invocations=57 (full 0):
 garbage-first heap   total 479232K, used 428115K [0x0000000600000000, 0x0000000800000000)
  region size 4096K, 35 young (143360K), 2 survivors (8192K)
 Metaspace       used 150545K, committed 153344K, reserved 1245184K
  class space    used 20308K, committed 21696K, reserved 1048576K
}
Event: 2836.638 GC heap after
{Heap after GC invocations=58 (full 0):
 garbage-first heap   total 479232K, used 258208K [0x0000000600000000, 0x0000000800000000)
  region size 4096K, 4 young (16384K), 4 survivors (16384K)
 Metaspace       used 150545K, committed 153344K, reserved 1245184K
  class space    used 20308K, committed 21696K, reserved 1048576K
}
Event: 2845.811 GC heap before
{Heap before GC invocations=58 (full 0):
 garbage-first heap   total 479232K, used 413856K [0x0000000600000000, 0x0000000800000000)
  region size 4096K, 43 young (176128K), 4 survivors (16384K)
 Metaspace       used 151055K, committed 153920K, reserved 1245184K
  class space    used 20352K, committed 21760K, reserved 1048576K
}
Event: 2845.827 GC heap after
{Heap after GC invocations=59 (full 0):
 garbage-first heap   total 479232K, used 241101K [0x0000000600000000, 0x0000000800000000)
  region size 4096K, 5 young (20480K), 5 survivors (20480K)
 Metaspace       used 151055K, committed 153920K, reserved 1245184K
  class space    used 20352K, committed 21760K, reserved 1048576K
}
Event: 2845.945 GC heap before
{Heap before GC invocations=59 (full 0):
 garbage-first heap   total 479232K, used 413133K [0x0000000600000000, 0x0000000800000000)
  region size 4096K, 48 young (196608K), 5 survivors (20480K)
 Metaspace       used 151090K, committed 153920K, reserved 1245184K
  class space    used 20352K, committed 21760K, reserved 1048576K
}
Event: 2845.953 GC heap after
{Heap after GC invocations=60 (full 0):
 garbage-first heap   total 479232K, used 247659K [0x0000000600000000, 0x0000000800000000)
  region size 4096K, 5 young (20480K), 5 survivors (20480K)
 Metaspace       used 151090K, committed 153920K, reserved 1245184K
  class space    used 20352K, committed 21760K, reserved 1048576K
}
Event: 2846.043 GC heap before
{Heap before GC invocations=60 (full 0):
 garbage-first heap   total 479232K, used 419691K [0x0000000600000000, 0x0000000800000000)
  region size 4096K, 48 young (196608K), 5 survivors (20480K)
 Metaspace       used 151111K, committed 153920K, reserved 1245184K
  class space    used 20352K, committed 21760K, reserved 1048576K
}
Event: 2846.049 GC heap after
{Heap after GC invocations=61 (full 0):
 garbage-first heap   total 479232K, used 251430K [0x0000000600000000, 0x0000000800000000)
  region size 4096K, 3 young (12288K), 3 survivors (12288K)
 Metaspace       used 151111K, committed 153920K, reserved 1245184K
  class space    used 20352K, committed 21760K, reserved 1048576K
}
Event: 2846.202 GC heap before
{Heap before GC invocations=61 (full 0):
 garbage-first heap   total 479232K, used 427558K [0x0000000600000000, 0x0000000800000000)
  region size 4096K, 47 young (192512K), 3 survivors (12288K)
 Metaspace       used 151097K, committed 153920K, reserved 1245184K
  class space    used 20347K, committed 21760K, reserved 1048576K
}
Event: 2846.206 GC heap after
{Heap after GC invocations=62 (full 0):
 garbage-first heap   total 479232K, used 256670K [0x0000000600000000, 0x0000000800000000)
  region size 4096K, 5 young (20480K), 5 survivors (20480K)
 Metaspace       used 151097K, committed 153920K, reserved 1245184K
  class space    used 20347K, committed 21760K, reserved 1048576K
}
Event: 2846.328 GC heap before
{Heap before GC invocations=63 (full 0):
 garbage-first heap   total 479232K, used 424606K [0x0000000600000000, 0x0000000800000000)
  region size 4096K, 46 young (188416K), 5 survivors (20480K)
 Metaspace       used 151109K, committed 153920K, reserved 1245184K
  class space    used 20347K, committed 21760K, reserved 1048576K
}
Event: 2846.335 GC heap after
{Heap after GC invocations=64 (full 0):
 garbage-first heap   total 479232K, used 264648K [0x0000000600000000, 0x0000000800000000)
  region size 4096K, 5 young (20480K), 5 survivors (20480K)
 Metaspace       used 151109K, committed 153920K, reserved 1245184K
  class space    used 20347K, committed 21760K, reserved 1048576K
}
Event: 2846.722 GC heap before
{Heap before GC invocations=64 (full 0):
 garbage-first heap   total 479232K, used 424392K [0x0000000600000000, 0x0000000800000000)
  region size 4096K, 45 young (184320K), 5 survivors (20480K)
 Metaspace       used 151234K, committed 154048K, reserved 1245184K
  class space    used 20376K, committed 21760K, reserved 1048576K
}
Event: 2846.737 GC heap after
{Heap after GC invocations=65 (full 0):
 garbage-first heap   total 479232K, used 265414K [0x0000000600000000, 0x0000000800000000)
  region size 4096K, 5 young (20480K), 5 survivors (20480K)
 Metaspace       used 151234K, committed 154048K, reserved 1245184K
  class space    used 20376K, committed 21760K, reserved 1048576K
}
Event: 2846.976 GC heap before
{Heap before GC invocations=65 (full 0):
 garbage-first heap   total 479232K, used 421062K [0x0000000600000000, 0x0000000800000000)
  region size 4096K, 44 young (180224K), 5 survivors (20480K)
 Metaspace       used 152177K, committed 154944K, reserved 1245184K
  class space    used 20467K, committed 21824K, reserved 1048576K
}
Event: 2846.984 GC heap after
{Heap after GC invocations=66 (full 0):
 garbage-first heap   total 479232K, used 279179K [0x0000000600000000, 0x0000000800000000)
  region size 4096K, 6 young (24576K), 6 survivors (24576K)
 Metaspace       used 152177K, committed 154944K, reserved 1245184K
  class space    used 20467K, committed 21824K, reserved 1048576K
}
Event: 2847.191 GC heap before
{Heap before GC invocations=66 (full 0):
 garbage-first heap   total 479232K, used 422539K [0x0000000600000000, 0x0000000800000000)
  region size 4096K, 41 young (167936K), 6 survivors (24576K)
 Metaspace       used 152193K, committed 155008K, reserved 1245184K
  class space    used 20467K, committed 21824K, reserved 1048576K
}

Dll operation events (3 events):
Event: 0.010 Loaded shared library C:\Program Files\Android\Android Studio\jbr\bin\java.dll
Event: 0.015 Loaded shared library C:\Program Files\Android\Android Studio\jbr\bin\zip.dll
Event: 0.519 Loaded shared library C:\Program Files\Android\Android Studio\jbr\bin\verify.dll

Deoptimization events (20 events):
Event: 2847.064 Thread 0x000001df76d2e800 DEOPT PACKING pc=0x000001df4021ff46 sp=0x00000040e53fab10
Event: 2847.064 Thread 0x000001df76d2e800 DEOPT UNPACKING pc=0x000001df4f774e42 sp=0x00000040e53f9ff8 mode 0
Event: 2847.068 Thread 0x000001df76d2e800 DEOPT PACKING pc=0x000001df40220158 sp=0x00000040e53fab10
Event: 2847.068 Thread 0x000001df76d2e800 DEOPT UNPACKING pc=0x000001df4f774e42 sp=0x00000040e53f9ff8 mode 0
Event: 2847.070 Thread 0x000001df76d2e800 DEOPT PACKING pc=0x000001df40220158 sp=0x00000040e53fab10
Event: 2847.070 Thread 0x000001df76d2e800 DEOPT UNPACKING pc=0x000001df4f774e42 sp=0x00000040e53f9ff8 mode 0
Event: 2847.091 Thread 0x000001df005274e0 Uncommon trap: trap_request=0xffffff45 fr.pc=0x000001df50530504 relative=0x0000000000000304
Event: 2847.091 Thread 0x000001df005274e0 Uncommon trap: reason=unstable_if action=reinterpret pc=0x000001df50530504 method=org.objectweb.asm.AnnotationWriter.computeAnnotationsSize(Lorg/objectweb/asm/AnnotationWriter;Lorg/objectweb/asm/AnnotationWriter;Lorg/objectweb/asm/AnnotationWriter;Lorg/ob
Event: 2847.091 Thread 0x000001df005274e0 DEOPT PACKING pc=0x000001df50530504 sp=0x00000040e4afb340
Event: 2847.091 Thread 0x000001df005274e0 DEOPT UNPACKING pc=0x000001df4f7746a2 sp=0x00000040e4afb258 mode 2
Event: 2847.092 Thread 0x000001df76d33030 DEOPT PACKING pc=0x000001df42036fb0 sp=0x00000040e54fb170
Event: 2847.092 Thread 0x000001df76d33030 DEOPT UNPACKING pc=0x000001df4f774e42 sp=0x00000040e54fa720 mode 0
Event: 2847.148 Thread 0x000001df005274e0 Uncommon trap: trap_request=0xffffff45 fr.pc=0x000001df50a6c1d8 relative=0x0000000000003cb8
Event: 2847.148 Thread 0x000001df005274e0 Uncommon trap: reason=unstable_if action=reinterpret pc=0x000001df50a6c1d8 method=org.objectweb.asm.ClassReader.readMethod(Lorg/objectweb/asm/ClassVisitor;Lorg/objectweb/asm/Context;I)I @ 386 c2
Event: 2847.148 Thread 0x000001df005274e0 DEOPT PACKING pc=0x000001df50a6c1d8 sp=0x00000040e4afb140
Event: 2847.149 Thread 0x000001df005274e0 DEOPT UNPACKING pc=0x000001df4f7746a2 sp=0x00000040e4afb0f8 mode 2
Event: 2847.184 Thread 0x000001df0051b000 Uncommon trap: trap_request=0xffffffde fr.pc=0x000001df505e9d98 relative=0x0000000000000858
Event: 2847.184 Thread 0x000001df0051b000 Uncommon trap: reason=class_check action=maybe_recompile pc=0x000001df505e9d98 method=org.objectweb.asm.ClassReader.readElementValue(Lorg/objectweb/asm/AnnotationVisitor;ILjava/lang/String;[C)I @ 485 c2
Event: 2847.184 Thread 0x000001df0051b000 DEOPT PACKING pc=0x000001df505e9d98 sp=0x00000040e33fa590
Event: 2847.184 Thread 0x000001df0051b000 DEOPT UNPACKING pc=0x000001df4f7746a2 sp=0x00000040e33fa4e0 mode 2

Classes loaded (20 events):
Event: 2827.488 Loading class sun/security/ssl/SSLEngineOutputRecord
Event: 2827.488 Loading class sun/security/ssl/SSLEngineOutputRecord done
Event: 2827.488 Loading class sun/security/ssl/SSLEngineOutputRecord$HandshakeFragment
Event: 2827.488 Loading class sun/security/ssl/SSLEngineOutputRecord$HandshakeFragment done
Event: 2827.488 Loading class sun/security/ssl/SSLEngineOutputRecord$HandshakeMemo
Event: 2827.488 Loading class sun/security/ssl/SSLEngineOutputRecord$RecordMemo
Event: 2827.488 Loading class sun/security/ssl/SSLEngineOutputRecord$RecordMemo done
Event: 2827.488 Loading class sun/security/ssl/SSLEngineOutputRecord$HandshakeMemo done
Event: 2827.557 Loading class sun/security/ssl/PreSharedKeyExtension$SHPreSharedKeySpec
Event: 2827.557 Loading class sun/security/ssl/PreSharedKeyExtension$SHPreSharedKeySpec done
Event: 2845.703 Loading class java/util/zip/ZipFile$ZipEntryIterator
Event: 2845.704 Loading class java/util/zip/ZipFile$ZipEntryIterator done
Event: 2845.705 Loading class java/util/zip/ZipInputStream
Event: 2845.706 Loading class java/util/zip/ZipInputStream done
Event: 2846.765 Loading class java/util/Collections$UnmodifiableSortedMap
Event: 2846.765 Loading class java/util/Collections$UnmodifiableSortedMap done
Event: 2846.771 Loading class java/util/zip/Deflater
Event: 2846.771 Loading class java/util/zip/Deflater done
Event: 2846.772 Loading class java/util/zip/Deflater$DeflaterZStreamRef
Event: 2846.772 Loading class java/util/zip/Deflater$DeflaterZStreamRef done

Classes unloaded (5 events):
Event: 9.446 Thread 0x000001df6aa9be40 Unloading class 0x0000000800930000 'java/lang/invoke/LambdaForm$DMH+0x0000000800930000'
Event: 2846.161 Thread 0x000001df6aa9be40 Unloading class 0x0000000801444400 '_BuildScript_$_run_closure1$_closure3'
Event: 2846.161 Thread 0x000001df6aa9be40 Unloading class 0x0000000801448910 '_BuildScript_$_run_closure1$_closure2'
Event: 2846.161 Thread 0x000001df6aa9be40 Unloading class 0x0000000801448510 '_BuildScript_$_run_closure1'
Event: 2846.161 Thread 0x000001df6aa9be40 Unloading class 0x0000000801448000 '_BuildScript_'

Classes redefined (0 events):
No events

Internal exceptions (20 events):
Event: 2846.754 Thread 0x000001df00529c40 Exception <a 'sun/nio/fs/WindowsException'{0x000000061cb19070}> (0x000000061cb19070) 
thrown [s\src\hotspot\share\prims\jni.cpp, line 535]
Event: 2846.754 Thread 0x000001df00522620 Exception <a 'sun/nio/fs/WindowsException'{0x000000061cb07ab8}> (0x000000061cb07ab8) 
thrown [s\src\hotspot\share\prims\jni.cpp, line 535]
Event: 2846.754 Thread 0x000001df0051f830 Exception <a 'sun/nio/fs/WindowsException'{0x000000061cbc24f0}> (0x000000061cbc24f0) 
thrown [s\src\hotspot\share\prims\jni.cpp, line 535]
Event: 2846.754 Thread 0x000001df76d32310 Exception <a 'sun/nio/fs/WindowsException'{0x000000061cc1c578}> (0x000000061cc1c578) 
thrown [s\src\hotspot\share\prims\jni.cpp, line 535]
Event: 2846.754 Thread 0x000001df76d30f60 Exception <a 'sun/nio/fs/WindowsException'{0x000000061cfd9688}> (0x000000061cfd9688) 
thrown [s\src\hotspot\share\prims\jni.cpp, line 535]
Event: 2846.754 Thread 0x000001df0051d760 Exception <a 'sun/nio/fs/WindowsException'{0x000000061cab69b0}> (0x000000061cab69b0) 
thrown [s\src\hotspot\share\prims\jni.cpp, line 535]
Event: 2846.754 Thread 0x000001df00528200 Exception <a 'sun/nio/fs/WindowsException'{0x000000061cbbfde0}> (0x000000061cbbfde0) 
thrown [s\src\hotspot\share\prims\jni.cpp, line 535]
Event: 2846.754 Thread 0x000001df76d31c80 Exception <a 'sun/nio/fs/WindowsException'{0x000000061c9c9010}> (0x000000061c9c9010) 
thrown [s\src\hotspot\share\prims\jni.cpp, line 535]
Event: 2846.754 Thread 0x000001df00523340 Exception <a 'sun/nio/fs/WindowsException'{0x000000061cbd5830}> (0x000000061cbd5830) 
thrown [s\src\hotspot\share\prims\jni.cpp, line 535]
Event: 2846.754 Thread 0x000001df76d2e800 Exception <a 'sun/nio/fs/WindowsException'{0x000000061cc440d0}> (0x000000061cc440d0) 
thrown [s\src\hotspot\share\prims\jni.cpp, line 535]
Event: 2846.754 Thread 0x000001df76d33030 Exception <a 'sun/nio/fs/WindowsException'{0x000000061cb42080}> (0x000000061cb42080) 
thrown [s\src\hotspot\share\prims\jni.cpp, line 535]
Event: 2846.755 Thread 0x000001df781bfe70 Exception <a 'sun/nio/fs/WindowsException'{0x000000061ca199e0}> (0x000000061ca199e0) 
thrown [s\src\hotspot\share\prims\jni.cpp, line 535]
Event: 2846.755 Thread 0x000001df00524060 Exception <a 'sun/nio/fs/WindowsException'{0x000000061c4a0be0}> (0x000000061c4a0be0) 
thrown [s\src\hotspot\share\prims\jni.cpp, line 535]
Event: 2846.755 Thread 0x000001df00525410 Exception <a 'sun/nio/fs/WindowsException'{0x000000061c4b37c8}> (0x000000061c4b37c8) 
thrown [s\src\hotspot\share\prims\jni.cpp, line 535]
Event: 2846.756 Thread 0x000001df76d30240 Exception <a 'sun/nio/fs/WindowsException'{0x000000061c577558}> (0x000000061c577558) 
thrown [s\src\hotspot\share\prims\jni.cpp, line 535]
Event: 2846.756 Thread 0x000001df005274e0 Exception <a 'sun/nio/fs/WindowsException'{0x000000061c45f400}> (0x000000061c45f400) 
thrown [s\src\hotspot\share\prims\jni.cpp, line 535]
Event: 2846.771 Thread 0x000001df00528890 Exception <a 'sun/nio/fs/WindowsException'{0x000000061bf7d7f8}> (0x000000061bf7d7f8) 
thrown [s\src\hotspot\share\prims\jni.cpp, line 535]
Event: 2846.774 Thread 0x000001df00524d80 Exception <a 'sun/nio/fs/WindowsException'{0x000000061b9026d0}> (0x000000061b9026d0) 
thrown [s\src\hotspot\share\prims\jni.cpp, line 535]
Event: 2846.783 Thread 0x000001df0051e480 Exception <a 'sun/nio/fs/WindowsException'{0x000000061b609d18}> (0x000000061b609d18) 
thrown [s\src\hotspot\share\prims\jni.cpp, line 535]
Event: 2846.799 Thread 0x000001df0051b000 Exception <a 'sun/nio/fs/WindowsException'{0x000000061b12c310}> (0x000000061b12c310) 
thrown [s\src\hotspot\share\prims\jni.cpp, line 535]

ZGC Phase Switch (0 events):
No events

VM Operations (20 events):
Event: 2846.335 Executing VM operation: G1CollectForAllocation (GCLocker Initiated GC) done
Event: 2846.722 Executing VM operation: G1CollectForAllocation (G1 Evacuation Pause)
Event: 2846.737 Executing VM operation: G1CollectForAllocation (G1 Evacuation Pause) done
Event: 2846.769 Executing VM operation: HandshakeAllThreads (Deoptimize)
Event: 2846.770 Executing VM operation: HandshakeAllThreads (Deoptimize) done
Event: 2846.789 Executing VM operation: HandshakeAllThreads (Deoptimize)
Event: 2846.790 Executing VM operation: HandshakeAllThreads (Deoptimize) done
Event: 2846.884 Executing VM operation: HandshakeAllThreads (Deoptimize)
Event: 2846.893 Executing VM operation: HandshakeAllThreads (Deoptimize) done
Event: 2846.908 Executing VM operation: HandshakeAllThreads (Deoptimize)
Event: 2846.913 Executing VM operation: HandshakeAllThreads (Deoptimize) done
Event: 2846.924 Executing VM operation: HandshakeAllThreads (Deoptimize)
Event: 2846.929 Executing VM operation: HandshakeAllThreads (Deoptimize) done
Event: 2846.960 Executing VM operation: ICBufferFull
Event: 2846.961 Executing VM operation: ICBufferFull done
Event: 2846.976 Executing VM operation: G1CollectForAllocation (G1 Evacuation Pause)
Event: 2846.984 Executing VM operation: G1CollectForAllocation (G1 Evacuation Pause) done
Event: 2847.117 Executing VM operation: G1PauseRemark
Event: 2847.139 Executing VM operation: G1PauseRemark done
Event: 2847.188 Executing VM operation: G1CollectForAllocation (G1 Evacuation Pause)

Memory protections (0 events):
No events

Nmethod flushes (20 events):
Event: 2847.136 Thread 0x000001df6aa9be40 flushing  nmethod 0x000001df4201fb10
Event: 2847.136 Thread 0x000001df6aa9be40 flushing  nmethod 0x000001df42029590
Event: 2847.136 Thread 0x000001df6aa9be40 flushing  nmethod 0x000001df42039590
Event: 2847.136 Thread 0x000001df6aa9be40 flushing  nmethod 0x000001df4205bb90
Event: 2847.136 Thread 0x000001df6aa9be40 flushing  nmethod 0x000001df4225bc90
Event: 2847.136 Thread 0x000001df6aa9be40 flushing  nmethod 0x000001df42262d90
Event: 2847.136 Thread 0x000001df6aa9be40 flushing  nmethod 0x000001df422ee710
Event: 2847.136 Thread 0x000001df6aa9be40 flushing  nmethod 0x000001df422f4a90
Event: 2847.136 Thread 0x000001df6aa9be40 flushing  nmethod 0x000001df423cde10
Event: 2847.136 Thread 0x000001df6aa9be40 flushing  nmethod 0x000001df423cf010
Event: 2847.136 Thread 0x000001df6aa9be40 flushing  nmethod 0x000001df423cf390
Event: 2847.136 Thread 0x000001df6aa9be40 flushing  nmethod 0x000001df423cf910
Event: 2847.136 Thread 0x000001df6aa9be40 flushing  nmethod 0x000001df423d0f90
Event: 2847.136 Thread 0x000001df6aa9be40 flushing  nmethod 0x000001df42491490
Event: 2847.136 Thread 0x000001df6aa9be40 flushing  nmethod 0x000001df42492f10
Event: 2847.136 Thread 0x000001df6aa9be40 flushing  nmethod 0x000001df42494110
Event: 2847.136 Thread 0x000001df6aa9be40 flushing  nmethod 0x000001df4249f190
Event: 2847.136 Thread 0x000001df6aa9be40 flushing  nmethod 0x000001df4249fa10
Event: 2847.136 Thread 0x000001df6aa9be40 flushing  nmethod 0x000001df424a5410
Event: 2847.136 Thread 0x000001df6aa9be40 flushing  nmethod 0x000001df424a9110

Events (20 events):
Event: 2836.603 Thread 0x000001df7fc85b70 Thread exited: 0x000001df7fc85b70
Event: 2836.615 Thread 0x000001df7fc87d80 Thread added: 0x000001df7fc876b0
Event: 2836.819 Thread 0x000001df7fc876b0 Thread exited: 0x000001df7fc876b0
Event: 2838.853 Thread 0x000001df7fc87d80 Thread exited: 0x000001df7fc87d80
Event: 2839.414 Thread 0x000001df7fc898c0 Thread exited: 0x000001df7fc898c0
Event: 2839.728 Thread 0x000001df75380630 Thread exited: 0x000001df75380630
Event: 2845.708 Thread 0x000001df6dbc2bd0 Thread added: 0x000001df7fc891f0
Event: 2845.713 Thread 0x000001df6dbc2bd0 Thread added: 0x000001df7fc88450
Event: 2845.717 Thread 0x000001df7fc88450 Thread added: 0x000001df7fc8a660
Event: 2845.717 Thread 0x000001df7fc8a660 Thread added: 0x000001df7fc84700
Event: 2845.726 Thread 0x000001df7fc891f0 Thread added: 0x000001df7fc876b0
Event: 2845.828 Thread 0x000001df7fc88450 Thread added: 0x000001df7fc854a0
Event: 2845.828 Thread 0x000001df7fc88450 Thread added: 0x000001df7fc898c0
Event: 2845.858 Thread 0x000001df7fc84700 Thread added: 0x000001df7fc84dd0
Event: 2845.858 Thread 0x000001df7fc84700 Thread added: 0x000001df7fc88b20
Event: 2845.858 Thread 0x000001df7fc84700 Thread added: 0x000001df7fc83290
Event: 2846.242 Thread 0x000001df7fc83290 Thread exited: 0x000001df7fc83290
Event: 2846.242 Thread 0x000001df7fc88b20 Thread exited: 0x000001df7fc88b20
Event: 2846.747 Thread 0x000001df7fc88450 Thread added: 0x000001df7fc86910
Event: 2846.809 Thread 0x000001df7fc84700 Thread added: 0x000001df7fc83290


Dynamic libraries:
0x00007ff757f80000 - 0x00007ff757f8a000 	C:\Program Files\Android\Android Studio\jbr\bin\java.exe
0x00007ffdf6c10000 - 0x00007ffdf6e27000 	C:\WINDOWS\SYSTEM32\ntdll.dll
0x00007ffdf5f00000 - 0x00007ffdf5fc4000 	C:\WINDOWS\System32\KERNEL32.DLL
0x00007ffdf3f50000 - 0x00007ffdf4307000 	C:\WINDOWS\System32\KERNELBASE.dll
0x00007ffdf4600000 - 0x00007ffdf4711000 	C:\WINDOWS\System32\ucrtbase.dll
0x00007ffdc9a60000 - 0x00007ffdc9a78000 	C:\Program Files\Android\Android Studio\jbr\bin\jli.dll
0x00007ffdc5a20000 - 0x00007ffdc5a3b000 	C:\Program Files\Android\Android Studio\jbr\bin\VCRUNTIME140.dll
0x00007ffdf52a0000 - 0x00007ffdf544f000 	C:\WINDOWS\System32\USER32.dll
0x00007ffdf4910000 - 0x00007ffdf4936000 	C:\WINDOWS\System32\win32u.dll
0x00007ffde45d0000 - 0x00007ffde4863000 	C:\WINDOWS\WinSxS\amd64_microsoft.windows.common-controls_6595b64144ccf1df_6.0.22621.3672_none_2713b9d173822955\COMCTL32.dll
0x00007ffdf5fe0000 - 0x00007ffdf6009000 	C:\WINDOWS\System32\GDI32.dll
0x00007ffdf4b20000 - 0x00007ffdf4bc7000 	C:\WINDOWS\System32\msvcrt.dll
0x00007ffdf44e0000 - 0x00007ffdf45f8000 	C:\WINDOWS\System32\gdi32full.dll
0x00007ffdf4440000 - 0x00007ffdf44da000 	C:\WINDOWS\System32\msvcp_win.dll
0x00007ffdf4cd0000 - 0x00007ffdf4d01000 	C:\WINDOWS\System32\IMM32.DLL
0x00007ffdec700000 - 0x00007ffdec70c000 	C:\Program Files\Android\Android Studio\jbr\bin\vcruntime140_1.dll
0x00007ffdadfa0000 - 0x00007ffdae02d000 	C:\Program Files\Android\Android Studio\jbr\bin\msvcp140.dll
0x00007ffd7b730000 - 0x00007ffd7c3ba000 	C:\Program Files\Android\Android Studio\jbr\bin\server\jvm.dll
0x00007ffdf6a20000 - 0x00007ffdf6ad2000 	C:\WINDOWS\System32\ADVAPI32.dll
0x00007ffdf6010000 - 0x00007ffdf60b8000 	C:\WINDOWS\System32\sechost.dll
0x00007ffdf3f20000 - 0x00007ffdf3f48000 	C:\WINDOWS\System32\bcrypt.dll
0x00007ffdf4d10000 - 0x00007ffdf4e24000 	C:\WINDOWS\System32\RPCRT4.dll
0x00007ffdf5070000 - 0x00007ffdf50e1000 	C:\WINDOWS\System32\WS2_32.dll
0x00007ffdf2d90000 - 0x00007ffdf2ddd000 	C:\WINDOWS\SYSTEM32\POWRPROF.dll
0x00007ffde7250000 - 0x00007ffde7284000 	C:\WINDOWS\SYSTEM32\WINMM.dll
0x00007ffdeeeb0000 - 0x00007ffdeeeba000 	C:\WINDOWS\SYSTEM32\VERSION.dll
0x00007ffdf2d70000 - 0x00007ffdf2d83000 	C:\WINDOWS\SYSTEM32\UMPDC.dll
0x00007ffdf3020000 - 0x00007ffdf3038000 	C:\WINDOWS\SYSTEM32\kernel.appcore.dll
0x00007ffdec660000 - 0x00007ffdec66a000 	C:\Program Files\Android\Android Studio\jbr\bin\jimage.dll
0x00007ffdf1720000 - 0x00007ffdf1952000 	C:\WINDOWS\SYSTEM32\DBGHELP.DLL
0x00007ffdf60e0000 - 0x00007ffdf646e000 	C:\WINDOWS\System32\combase.dll
0x00007ffdf4e30000 - 0x00007ffdf4f07000 	C:\WINDOWS\System32\OLEAUT32.dll
0x00007ffdd3c90000 - 0x00007ffdd3cc2000 	C:\WINDOWS\SYSTEM32\dbgcore.DLL
0x00007ffdf4890000 - 0x00007ffdf490b000 	C:\WINDOWS\System32\bcryptPrimitives.dll
0x00007ffde3ae0000 - 0x00007ffde3aee000 	C:\Program Files\Android\Android Studio\jbr\bin\instrument.dll
0x00007ffdc2bf0000 - 0x00007ffdc2c10000 	C:\Program Files\Android\Android Studio\jbr\bin\java.dll
0x00007ffdc25e0000 - 0x00007ffdc25f8000 	C:\Program Files\Android\Android Studio\jbr\bin\zip.dll
0x00007ffdf5690000 - 0x00007ffdf5ef9000 	C:\WINDOWS\System32\SHELL32.dll
0x00007ffdf1e50000 - 0x00007ffdf274f000 	C:\WINDOWS\SYSTEM32\windows.storage.dll
0x00007ffdf1ce0000 - 0x00007ffdf1e1f000 	C:\WINDOWS\SYSTEM32\wintypes.dll
0x00007ffdf4bd0000 - 0x00007ffdf4cc9000 	C:\WINDOWS\System32\SHCORE.dll
0x00007ffdf6470000 - 0x00007ffdf64ce000 	C:\WINDOWS\System32\shlwapi.dll
0x00007ffdf3e50000 - 0x00007ffdf3e77000 	C:\WINDOWS\SYSTEM32\profapi.dll
0x00007ffde8470000 - 0x00007ffde8480000 	C:\Program Files\Android\Android Studio\jbr\bin\net.dll
0x00007ffdeec40000 - 0x00007ffdeed76000 	C:\WINDOWS\SYSTEM32\WINHTTP.dll
0x00007ffdf3480000 - 0x00007ffdf34e9000 	C:\WINDOWS\system32\mswsock.dll
0x00007ffdc1930000 - 0x00007ffdc1946000 	C:\Program Files\Android\Android Studio\jbr\bin\nio.dll
0x00007ffdd1e40000 - 0x00007ffdd1e50000 	C:\Program Files\Android\Android Studio\jbr\bin\verify.dll
0x00007ffdc5b30000 - 0x00007ffdc5b57000 	C:\Users\Amirw\.gradle\native\1def1411415f61bf3af743bc5b6707747c0891f09f0c88961ee8f79bc544acac\windows-amd64\native-platform.dll
0x00007ffdbe670000 - 0x00007ffdbe6e7000 	C:\Users\Amirw\.gradle\native\0.2.8\x86_64-windows-gnu\gradle-fileevents.dll
0x00007ffdd3cd0000 - 0x00007ffdd3cd9000 	C:\Program Files\Android\Android Studio\jbr\bin\management.dll
0x00007ffdd22a0000 - 0x00007ffdd22ab000 	C:\Program Files\Android\Android Studio\jbr\bin\management_ext.dll
0x00007ffdf4b00000 - 0x00007ffdf4b08000 	C:\WINDOWS\System32\PSAPI.DLL
0x00007ffdf2a20000 - 0x00007ffdf2a4d000 	C:\WINDOWS\SYSTEM32\IPHLPAPI.DLL
0x00007ffdf5fd0000 - 0x00007ffdf5fd9000 	C:\WINDOWS\System32\NSI.dll
0x00007ffdd3df0000 - 0x00007ffdd3df9000 	C:\Program Files\Android\Android Studio\jbr\bin\extnet.dll
0x00007ffdf36b0000 - 0x00007ffdf36cb000 	C:\WINDOWS\SYSTEM32\CRYPTSP.dll
0x00007ffdf2f80000 - 0x00007ffdf2fb5000 	C:\WINDOWS\system32\rsaenh.dll
0x00007ffdf3530000 - 0x00007ffdf3558000 	C:\WINDOWS\SYSTEM32\USERENV.dll
0x00007ffdf36d0000 - 0x00007ffdf36dc000 	C:\WINDOWS\SYSTEM32\CRYPTBASE.dll
0x00007ffdd23a0000 - 0x00007ffdd23a8000 	C:\WINDOWS\system32\wshunix.dll
0x00007ffdf2a90000 - 0x00007ffdf2b92000 	C:\WINDOWS\SYSTEM32\DNSAPI.dll
0x00007ffdea540000 - 0x00007ffdea54a000 	C:\Windows\System32\rasadhlp.dll
0x00007ffdee290000 - 0x00007ffdee313000 	C:\WINDOWS\System32\fwpuclnt.dll

dbghelp: loaded successfully - version: 4.0.5 - missing functions: none
symbol engine: initialized successfully - sym options: 0x614 - pdb path: .;C:\Program Files\Android\Android Studio\jbr\bin;C:\WINDOWS\SYSTEM32;C:\WINDOWS\WinSxS\amd64_microsoft.windows.common-controls_6595b64144ccf1df_6.0.22621.3672_none_2713b9d173822955;C:\Program Files\Android\Android Studio\jbr\bin\server;C:\Users\Amirw\.gradle\native\1def1411415f61bf3af743bc5b6707747c0891f09f0c88961ee8f79bc544acac\windows-amd64;C:\Users\Amirw\.gradle\native\0.2.8\x86_64-windows-gnu

VM Arguments:
jvm_args: --add-opens=java.base/java.lang=ALL-UNNAMED --add-opens=java.base/java.lang.invoke=ALL-UNNAMED --add-opens=java.base/java.util=ALL-UNNAMED --add-opens=java.prefs/java.util.prefs=ALL-UNNAMED --add-exports=jdk.compiler/com.sun.tools.javac.api=ALL-UNNAMED --add-exports=jdk.compiler/com.sun.tools.javac.util=ALL-UNNAMED --add-opens=java.base/java.util=ALL-UNNAMED --add-opens=java.prefs/java.util.prefs=ALL-UNNAMED --add-opens=java.base/java.nio.charset=ALL-UNNAMED --add-opens=java.base/java.net=ALL-UNNAMED --add-opens=java.base/java.util.concurrent=ALL-UNNAMED --add-opens=java.base/java.util.concurrent.atomic=ALL-UNNAMED --add-opens=java.xml/javax.xml.namespace=ALL-UNNAMED --add-opens=java.base/java.time=ALL-UNNAMED -XX:MaxMetaspaceSize=4G -XX:ReservedCodeCacheSize=512m -XX:+HeapDumpOnOutOfMemoryError -Xmx8G -Dfile.encoding=UTF-8 -Duser.country=US -Duser.language=en -Duser.variant -javaagent:C:\Users\Amirw\.gradle\wrapper\dists\gradle-9.1.0-all\7wzd0jkjit61aq2p43wpjgij9\gradle-9.1.0\lib\agents\gradle-instrumentation-agent-9.1.0.jar 
java_command: org.gradle.launcher.daemon.bootstrap.GradleDaemon 9.1.0
java_class_path (initial): C:\Users\Amirw\.gradle\wrapper\dists\gradle-9.1.0-all\7wzd0jkjit61aq2p43wpjgij9\gradle-9.1.0\lib\gradle-daemon-main-9.1.0.jar
Launcher Type: SUN_STANDARD

[Global flags]
     intx CICompilerCount                          = 12                                        {product} {ergonomic}
     uint ConcGCThreads                            = 4                                         {product} {ergonomic}
     uint G1ConcRefinementThreads                  = 15                                        {product} {ergonomic}
   size_t G1HeapRegionSize                         = 4194304                                   {product} {ergonomic}
    uintx GCDrainStackTargetSize                   = 64                                        {product} {ergonomic}
     bool HeapDumpOnOutOfMemoryError               = true                                   {manageable} {command line}
   size_t InitialHeapSize                          = 536870912                                 {product} {ergonomic}
   size_t MarkStackSize                            = 4194304                                   {product} {ergonomic}
   size_t MaxHeapSize                              = 8589934592                                {product} {command line}
   size_t MaxMetaspaceSize                         = 4294967296                                {product} {command line}
   size_t MaxNewSize                               = 5150605312                                {product} {ergonomic}
   size_t MinHeapDeltaBytes                        = 4194304                                   {product} {ergonomic}
   size_t MinHeapSize                              = 8388608                                   {product} {ergonomic}
    uintx NonNMethodCodeHeapSize                   = 7602480                                {pd product} {ergonomic}
    uintx NonProfiledCodeHeapSize                  = 264634216                              {pd product} {ergonomic}
    uintx ProfiledCodeHeapSize                     = 264634216                              {pd product} {ergonomic}
    uintx ReservedCodeCacheSize                    = 536870912                              {pd product} {command line}
     bool SegmentedCodeCache                       = true                                      {product} {ergonomic}
   size_t SoftMaxHeapSize                          = 8589934592                             {manageable} {ergonomic}
     bool UseCompressedOops                        = true                           {product lp64_product} {ergonomic}
     bool UseG1GC                                  = true                                      {product} {ergonomic}
     bool UseLargePagesIndividualAllocation        = false                                  {pd product} {ergonomic}

Logging:
Log output configuration:
 #0: stdout all=warning uptime,level,tags foldmultilines=false
 #1: stderr all=off uptime,level,tags foldmultilines=false

Environment Variables:
JAVA_HOME=C:\Program Files\Android\Android Studio\jbr
CLASSPATH=c:\Users\Amirw\.cursor\extensions\vscjava.vscode-gradle-3.18.0-universal\lib\gradle-server.jar
PATH=C:\Program Files\Common Files\Oracle\Java\javapath;C:\Windows\system32;C:\Windows;C:\Windows\System32\Wbem;C:\Windows\System32\WindowsPowerShell\v1.0\;C:\Windows\System32\OpenSSH\;C:\Users\Amirw\Downloads\mongosh-1.6.0-win32-x64 (1)\mongosh-1.6.0-win32-x64\bin;C:\Program Files\mongosh-1.6.0-win32-x64\mongosh-1.6.0-win32-x64\bin;C:\Program Files\Git\cmd;C:\Program Files\dotnet\;C:\Program Files\NVIDIA Corporation\NVIDIA NvDLISR;C:\Program Files (x86)\NVIDIA Corporation\PhysX\Common;C:\WINDOWS\system32;C:\WINDOWS;C:\WINDOWS\System32\Wbem;C:\WINDOWS\System32\WindowsPowerShell\v1.0\;C:\WINDOWS\System32\OpenSSH\;C:\Users\Amirw\AppData\Roaming\nvm;C:\Program Files\nodejs;C:\nginx;C:\Users\Amirw\AppData\Local\Android\Sdk\tools;C:\Users\Amirw\AppData\Local\Android\Sdk\platform-tools;C:\Users\Amirw\AppData\Local\Android\Sdk\tools\bin;C:\Users\Amirw\AppData\Local\Android\Sdk\ndk\28.0.12916984;;C:\ProgramData\chocolatey\bin;C:\Program Files (x86)\cloudflared\;C:\Program Files (x86)\Windows Kits\10\Windows Performance Toolkit\;c:\Users\Amirw\AppData\Local\Programs\cursor\resources\app\bin;C:\Program Files\Docker\Docker\resources\bin;C:\Program Files\cursor\resources\app\bin;C:\Program Files\Go\bin;C:\Program Files\Amazon\AWSCLIV2\;C:\Users\Amirw\AppData\Local\hermes\hermes-agent\venv\Scripts;C:\Users\Amirw\AppData\Local\hermes\bin;C:\Users\Amirw\.cargo\bin;C:\Users\Amirw\AppData\Local\Microsoft\WindowsApps;C:\Users\Amirw\AppData\Local\Programs\Microsoft VS Code\bin;C:\Users\Amirw\AppData\Roaming\npm;C:\Users\Amirw\AppData\Roaming\nvm;C:\Program Files\nodejs;C:\Users\Amirw\flutter\bin;C:\Users\Amirw\AppData\Local\Google\Cloud SDK\google-cloud-sdk\bin;C:\msys64\ucrt64\bin;C:\Users\Amirw\AppData\Local\Programs\cursor\resources\app\bin;C:\Users\Amirw\.bun\bin;C:\Users\Amirw\go\bin;C:\Users\Amirw\AppData\Local\Microsoft\WinGet\Links;C:\Users\Amirw\AppData\Local\Android\Sdk\platform-tools
USERNAME=Amirw
OS=Windows_NT
PROCESSOR_IDENTIFIER=Intel64 Family 6 Model 165 Stepping 5, GenuineIntel
TMP=C:\Users\Amirw\AppData\Local\Temp
TEMP=C:\Users\Amirw\AppData\Local\Temp




Periodic native trim disabled

JNI global refs:
JNI global refs: 47, weak refs: 57

JNI global refs memory usage: 1467, weak refs: 1465

Process memory usage:
Resident Set Size: 907952K (2% of 33471608K total physical memory with 4277960K free physical memory)

OOME stack traces (most recent first):
Classloader memory used:
Loader org.gradle.internal.classloader.VisitableURLClassLoader                         : 56517K
Loader org.gradle.internal.classloader.VisitableURLClassLoader$InstrumentingVisitableURLClassLoader: 43212K
Loader bootstrap                                                                       : 34940K
Loader org.gradle.initialization.MixInLegacyTypesClassLoader                           : 14806K
Loader org.gradle.internal.classloader.VisitableURLClassLoader                         : 757K
Loader jdk.internal.loader.ClassLoaders$PlatformClassLoader                            : 744K
Loader org.gradle.groovy.scripts.internal.DefaultScriptCompilationHandler$ScriptClassLoader: 594K
Loader jdk.internal.reflect.DelegatingClassLoader                                      : 382K
Loader jdk.internal.loader.ClassLoaders$AppClassLoader                                 : 234K
Loader sun.reflect.misc.MethodUtil                                                     : 2952B

Classes loaded by more than one classloader:
Class Program                                                                         : loaded 19 times (x 68B)
Class Build_gradle                                                                    : loaded 12 times (x 123B)
Class Build_gradle$2                                                                  : loaded 7 times (x 70B)
Class Build_gradle$1                                                                  : loaded 6 times (x 70B)
Class Build_gradle$3                                                                  : loaded 5 times (x 71B)
Class org.gradle.kotlin.dsl.TestImplementationConfigurationAccessorsKt                : loaded 4 times (x 67B)
Class org.gradle.kotlin.dsl.Accessors7t09xqv4rp34sow31xff10e9cKt                      : loaded 4 times (x 67B)
Class org.gradle.kotlin.dsl.ImplementationConfigurationAccessorsKt                    : loaded 3 times (x 67B)
Class org.gradle.api.GradleException                                                  : loaded 3 times (x 78B)
Class Settings_gradle                                                                 : loaded 3 times (x 120B)
Class org.gradle.kotlin.dsl.Accessors2sci8yewa96g0fyfhouaecr70Kt                      : loaded 3 times (x 67B)
Class org.gradle.internal.classloader.FilteringClassLoader                            : loaded 2 times (x 101B)
Class org.jetbrains.kotlin.gradle.plugin.mpp.KotlinVariantWithCoordinates             : loaded 2 times (x 104B)
Class org.jetbrains.kotlin.gradle.tasks.CInteropProcess                               : loaded 2 times (x 340B)
Class org.jetbrains.kotlin.gradle.internal.KotlinDomApiDependencyManagementKt         : loaded 2 times (x 67B)
Class org.jetbrains.kotlin.gradle.plugin.KotlinPluginLifecycleImpl$launch$coroutine$1 : loaded 2 times (x 72B)
Class org.jetbrains.kotlin.gradle.targets.js.npm.NpmDependencyExtensionKt$defaultNpmDependencyDelegate$1: loaded 2 times (x 163B)
Class org.jetbrains.kotlin.gradle.plugin.diagnostics.checkers.MissingNativeStdlibChecker: loaded 2 times (x 70B)
Class org.jetbrains.kotlin.gradle.targets.ConfigureNonPackedKlibConsumingSideEffectKt : loaded 2 times (x 67B)
Class org.jetbrains.kotlin.gradle.targets.native.KotilnNativeConfigureBinariesSideEffectKt: loaded 2 times (x 67B)
Class org.jetbrains.kotlin.gradle.plugin.KotlinPlatformType$DisambiguationRule        : loaded 2 times (x 72B)
Class org.jetbrains.kotlin.gradle.plugin.KotlinPlatformType$Companion                 : loaded 2 times (x 67B)
Class org.jetbrains.kotlin.gradle.plugin.internal.ConfigurationCacheStartParameterAccessorKt: loaded 2 times (x 67B)
Class com.google.common.base.CharMatcher$IsEither                                     : loaded 2 times (x 107B)
Class org.gradle.internal.classloader.ClassLoaderHierarchy                            : loaded 2 times (x 66B)
Class org.jetbrains.kotlin.gradle.plugin.PropertiesProvider$separateKmpCompilation$1  : loaded 2 times (x 75B)
Class org.jetbrains.kotlin.gradle.plugin.hierarchy.KotlinSourceSetTreeClassifierKt    : loaded 2 times (x 67B)
Class org.jetbrains.kotlin.gradle.report.UsesBuildMetricsService                      : loaded 2 times (x 66B)
Class org.jetbrains.kotlin.gradle.plugin.mpp.compilationImpl.factory.KotlinCompilationImplFactory$KotlinCompilationSourceSetsContainerFactory: loaded 2 times (x 66B)
Class org.jetbrains.kotlin.gradle.utils.MutableObservableSet                          : loaded 2 times (x 66B)
Class org.jetbrains.kotlin.gradle.dsl.KotlinHierarchyDsl                              : loaded 2 times (x 66B)
Class org.jetbrains.kotlin.gradle.utils.ConfigurationCacheOpaqueValueSource           : loaded 2 times (x 75B)
Class org.jetbrains.kotlin.gradle.targets.native.KonanPropertiesBuildService$Companion$registerIfAbsent$2$1: loaded 2 times (x 75B)
Class org.jetbrains.kotlin.gradle.report.BuildReportType                              : loaded 2 times (x 75B)
Class org.jetbrains.kotlin.statistics.metrics.StringAnonymizationPolicy$AllowedListAnonymizer: loaded 2 times (x 75B)
Class com.google.common.collect.ImmutableEnumSet                                      : loaded 2 times (x 142B)
Class com.google.common.util.concurrent.ExecutionError                                : loaded 2 times (x 78B)
Class com.google.common.collect.ImmutableList$1                                       : loaded 2 times (x 93B)
Class org.gradle.api.internal.classpath.ManifestUtil                                  : loaded 2 times (x 67B)
Class org.jetbrains.kotlin.gradle.tasks.KotlinCompile$androidLayoutResources$1        : loaded 2 times (x 70B)
Class org.jetbrains.kotlin.gradle.report.GradleBuildMetricsReporter                   : loaded 2 times (x 94B)
Class org.jetbrains.kotlin.gradle.utils.FutureKt$future$1                             : loaded 2 times (x 91B)
Class org.jetbrains.kotlin.gradle.plugin.mpp.KotlinMetadataCompilation                : loaded 2 times (x 66B)
Class org.jetbrains.kotlin.gradle.plugin.sources.KotlinDependencyScope                : loaded 2 times (x 75B)
Class org.jetbrains.kotlin.gradle.tasks.configuration.AbstractKotlinCompileConfig$1   : loaded 2 times (x 75B)
Class org.jetbrains.kotlin.gradle.plugin.mpp.compilationImpl.KotlinCompilationFriendPathsResolver: loaded 2 times (x 66B)
Class org.jetbrains.kotlin.konan.target.KonanTarget$ANDROID_ARM64                     : loaded 2 times (x 74B)
Class org.jetbrains.kotlin.gradle.artifacts.KotlinNativeHostSpecificMetadataArtifactKt$KotlinNativeHostSpecificMetadataArtifact$1: loaded 2 times (x 70B)
Class org.jetbrains.kotlin.gradle.plugin.mpp.compilationImpl.KotlinCompilationSideEffect$Companion: loaded 2 times (x 67B)
Class org.jetbrains.kotlin.gradle.plugin.mpp.KotlinUsages$KotlinMetadataDisambiguation: loaded 2 times (x 72B)
Class org.jetbrains.kotlin.gradle.plugin.statistics.FlowActionBuildFusService$Companion$registerIfAbsentImpl$1: loaded 2 times (x 71B)
Class org.jetbrains.kotlin.gradle.internal.properties.PropertiesBuildService$IntGradleProperty: loaded 2 times (x 72B)
Class com.google.gson.stream.MalformedJsonException                                   : loaded 2 times (x 78B)
Class com.google.common.collect.RegularImmutableMap                                   : loaded 2 times (x 117B)
Class com.google.common.collect.ImmutableMap$MapViewOfValuesAsSingletonSets           : loaded 2 times (x 122B)
Class org.jetbrains.kotlin.statistics.AnonymizerUtilsKt$salt$2                        : loaded 2 times (x 74B)
Class org.jetbrains.kotlin.gradle.tasks.AbstractKotlinCompile$compilerRunner$1        : loaded 2 times (x 71B)
Class org.jetbrains.kotlin.gradle.tasks.CacheableTasksKt$cacheOnlyIfEnabledForKotlin$1: loaded 2 times (x 71B)
Class org.jetbrains.kotlin.gradle.utils.GradleAttributesContainerUtilsKt$setAttributeProvider$1: loaded 2 times (x 71B)
Class org.jetbrains.kotlin.gradle.tasks.configuration.AbstractKotlinCompileConfig$2   : loaded 2 times (x 75B)
Class org.jetbrains.kotlin.gradle.plugin.mpp.compilationImpl.factory.KotlinCompilationImplFactory$PreConfigure: loaded 2 times (x 66B)
Class org.jetbrains.kotlin.gradle.plugin.KotlinProjectSetupActionKt$KotlinProjectSetupCoroutine$1$1: loaded 2 times (x 91B)
Class org.jetbrains.kotlin.konan.target.KonanTarget$WATCHOS_ARM32                     : loaded 2 times (x 74B)
Class org.jetbrains.kotlin.gradle.targets.js.dsl.KotlinJsTargetDsl                    : loaded 2 times (x 66B)
Class org.jetbrains.kotlin.gradle.plugin.KotlinPluginLifecycleImplKt                  : loaded 2 times (x 67B)
Class org.jetbrains.kotlin.gradle.plugin.diagnostics.checkers.DeprecatedKotlinNativeTargetsChecker$runChecks$1: loaded 2 times (x 84B)
Class org.jetbrains.kotlin.gradle.plugin.KotlinPluginLifecycleImpl$WhenMappings       : loaded 2 times (x 67B)
Class org.jetbrains.kotlin.gradle.dsl.KotlinCommonCompilerToolOptionsHelper           : loaded 2 times (x 67B)
Class org.jetbrains.kotlin.gradle.plugin.KotlinTargetComponent                        : loaded 2 times (x 66B)
Class org.jetbrains.kotlin.gradle.plugin.KotlinGradlePluginExtensionPointInternal     : loaded 2 times (x 72B)
Class org.jetbrains.kotlin.statistics.metrics.StringOverridePolicy$OVERRIDE_VERSION_IF_NOT_SET: loaded 2 times (x 81B)
Class org.jetbrains.kotlin.gradle.plugin.statistics.KotlinBuildStatsBeanService$Companion$initStatsService$1: loaded 2 times (x 75B)
Class org.jetbrains.kotlin.gradle.plugin.VariantImplementationFactories$Companion$getProvider$1: loaded 2 times (x 71B)
Class org.jetbrains.kotlin.gradle.internal.properties.PropertiesBuildService$BooleanGradleProperty: loaded 2 times (x 72B)
Class org.jetbrains.kotlin.gradle.dsl.KotlinProjectExtension                          : loaded 2 times (x 118B)
Class [Lorg.objectweb.asm.Symbol;                                                     : loaded 2 times (x 65B)
Class org.objectweb.asm.ClassVisitor                                                  : loaded 2 times (x 84B)
Class com.google.common.collect.UnmodifiableListIterator                              : loaded 2 times (x 91B)
Class org.gradle.internal.operations.MultipleBuildOperationFailures                   : loaded 2 times (x 91B)
Class org.jetbrains.kotlin.gradle.plugin.KotlinPluginLifecycle$ProjectConfigurationResult$Failure: loaded 2 times (x 68B)
Class com.google.common.base.Platform$JdkPatternCompiler                              : loaded 2 times (x 71B)
Class org.jetbrains.kotlin.gradle.tasks.DefaultKotlinJavaToolchain$Companion          : loaded 2 times (x 67B)
Class org.jetbrains.kotlin.gradle.tasks.DefaultKotlinJavaToolchain                    : loaded 2 times (x 73B)
Class org.jetbrains.kotlin.gradle.targets.native.toolchain.KotlinNativeBundleBuildService$Parameters: loaded 2 times (x 66B)
Class org.jetbrains.kotlin.gradle.targets.native.toolchain.KotlinNativeBundleBuildService: loaded 2 times (x 72B)
Class org.jetbrains.kotlin.gradle.plugin.KotlinGradleBuildServices                    : loaded 2 times (x 76B)
Class [Lorg.jetbrains.kotlin.statistics.ValueAnonymizer;                              : loaded 2 times (x 65B)
Class org.jetbrains.kotlin.gradle.internal.properties.PropertiesBuildService$MemoizedCallable$value$2: loaded 2 times (x 75B)
Class org.objectweb.asm.MethodTooLargeException                                       : loaded 2 times (x 79B)
Class [Lcom.google.common.cache.CacheBuilder$OneWeigher;                              : loaded 2 times (x 65B)
Class com.google.common.base.Suppliers                                                : loaded 2 times (x 67B)
Class org.gradle.internal.classloader.DefaultClassLoaderFactory                       : loaded 2 times (x 78B)
Class build_65m0nsf3sw8q35hnp929jma6o$_run_closure1                                   : loaded 2 times (x 135B)
Class org.jetbrains.kotlin.gradle.plugin.PropertiesProvider$kotlinCompilerArgumentsLogLevel$1: loaded 2 times (x 70B)
Class org.jetbrains.kotlin.compilerRunner.CompilerSystemPropertiesService$Parameters_Decorated: loaded 2 times (x 126B)
Class org.jetbrains.kotlin.gradle.dsl.abi.ExperimentalAbiValidation                   : loaded 2 times (x 66B)
Class org.jetbrains.kotlin.gradle.plugin.KotlinTargetWithTests                        : loaded 2 times (x 66B)
Class [Lorg.jetbrains.kotlin.gradle.dsl.KotlinVersion;                                : loaded 2 times (x 65B)
Class org.jetbrains.kotlin.gradle.plugin.diagnostics.checkers.JsEnvironmentChecker    : loaded 2 times (x 72B)
Class org.jetbrains.kotlin.gradle.targets.js.npm.NpmDependencyExtensionKt             : loaded 2 times (x 67B)
Class org.jetbrains.kotlin.gradle.plugin.diagnostics.ToolingDiagnosticRenderingOptions: loaded 2 times (x 68B)
Class org.jetbrains.kotlin.gradle.plugin.diagnostics.UsesKotlinToolingDiagnosticsParameters: loaded 2 times (x 66B)
Class org.jetbrains.kotlin.gradle.plugin.PropertiesProvider$classLoaderCacheTimeoutInSeconds$1: loaded 2 times (x 71B)
Class org.jetbrains.kotlin.gradle.report.BuildMetricsService                          : loaded 2 times (x 82B)
Class org.jetbrains.kotlin.statistics.metrics.NumberAnonymizationPolicy               : loaded 2 times (x 81B)
Class org.jetbrains.kotlin.statistics.metrics.StringAnonymizationPolicy               : loaded 2 times (x 74B)
Class org.gradle.internal.classloader.ClassLoaderVisitor                              : loaded 2 times (x 72B)
Class org.jetbrains.kotlin.build.report.metrics.BuildPerformanceMetrics               : loaded 2 times (x 68B)
Class org.jetbrains.kotlin.gradle.plugin.mpp.compilationImpl.KotlinCompilationLanguageSettingsConfigurator: loaded 2 times (x 70B)
Class org.jetbrains.kotlin.gradle.plugin.KotlinPluginLifecycleKt$await$1              : loaded 2 times (x 84B)
Class [Lorg.jetbrains.kotlin.gradle.plugin.KotlinCompilation;                         : loaded 2 times (x 65B)
Class org.jetbrains.kotlin.gradle.plugin.mpp.KotlinTargetComponentWithPublication     : loaded 2 times (x 66B)
Class org.jetbrains.kotlin.gradle.plugin.mpp.compilationImpl.KotlinCreateNativeCompileTasksSideEffectKt: loaded 2 times (x 67B)
Class org.jetbrains.kotlin.gradle.plugin.KotlinProjectSetupActionKt                   : loaded 2 times (x 67B)
Class org.jetbrains.kotlin.gradle.dsl.KotlinTargetContainerWithJsPresetFunctions      : loaded 2 times (x 66B)
Class org.jetbrains.kotlin.gradle.report.ReportingSettings$Companion                  : loaded 2 times (x 67B)
Class org.jetbrains.kotlin.gradle.report.ConfigureReporingKt                          : loaded 2 times (x 67B)
Class org.jetbrains.kotlin.tooling.core.TypeUtils                                     : loaded 2 times (x 67B)
Class [Lcom.google.common.collect.ImmutableMapEntry;                                  : loaded 2 times (x 65B)
Class org.gradle.api.internal.classpath.EffectiveClassPath                            : loaded 2 times (x 86B)
Class build_6vtt97gw5jv87gpf86barmdyl$_run_closure1                                   : loaded 2 times (x 135B)
Class org.jetbrains.kotlin.gradle.plugin.statistics.IDaemonReuseCounterMXBean         : loaded 2 times (x 66B)
Class org.jetbrains.kotlin.gradle.plugin.mpp.compilationImpl.DefaultKotlinCompilationConfigurationsContainer: loaded 2 times (x 80B)
Class com.google.common.collect.ImmutableRangeSet                                     : loaded 2 times (x 111B)
Class org.jetbrains.kotlin.gradle.tasks.TasksProviderKt                               : loaded 2 times (x 67B)
Class org.jetbrains.kotlin.konan.target.KonanTarget$ANDROID_ARM32                     : loaded 2 times (x 74B)
Class org.jetbrains.kotlin.gradle.plugin.sources.DefaultKotlinSourceSetFactory        : loaded 2 times (x 76B)
Class org.jetbrains.kotlin.gradle.plugin.diagnostics.ToolingDiagnostic                : loaded 2 times (x 68B)
Class com.google.common.collect.ListMultimap                                          : loaded 2 times (x 66B)
Class com.google.common.collect.ImmutableEnumMap                                      : loaded 2 times (x 122B)
Class org.gradle.tooling.internal.gradle.DefaultProjectIdentifier                     : loaded 2 times (x 82B)
Class org.jetbrains.kotlin.incremental.ClasspathChanges                               : loaded 2 times (x 67B)
Class org.jetbrains.kotlin.buildtools.api.jvm.ClassSnapshotGranularity                : loaded 2 times (x 75B)
Class org.jetbrains.kotlin.gradle.ExternalKotlinTargetApi                             : loaded 2 times (x 66B)
Class com.google.common.collect.Iterators$EmptyModifiableIterator                     : loaded 2 times (x 82B)
Class org.jetbrains.kotlin.gradle.plugin.diagnostics.checkers.AndroidPluginWithoutAndroidTargetChecker$runChecks$1: loaded 2 times (x 84B)
Class org.jetbrains.kotlin.gradle.plugin.diagnostics.checkers.AndroidSourceSetLayoutV1SourceSetsNotFoundChecker$runChecks$1: loaded 2 times (x 84B)
Class org.jetbrains.kotlin.gradle.plugin.diagnostics.KotlinGradleProjectCheckersRunnerKt$launchKotlinGradleProjectCheckers$1$1: loaded 2 times (x 91B)
Class org.jetbrains.kotlin.gradle.targets.CreateDefaultTestRunSideEffectKt            : loaded 2 times (x 67B)
Class org.jetbrains.kotlin.gradle.utils.ProviderApiUtilsKt$mapOrNull$1                : loaded 2 times (x 71B)
Class org.jetbrains.kotlin.konan.target.KonanTarget                                   : loaded 2 times (x 74B)
Class org.jetbrains.kotlin.gradle.targets.native.toolchain.KotlinNativeBundleBuildService$Companion$registerIfAbsent$1: loaded 2 times (x 71B)
Class org.jetbrains.kotlin.statistics.metrics.BooleanAnonymizationPolicy              : loaded 2 times (x 81B)
Class org.jetbrains.kotlin.statistics.metrics.BooleanOverridePolicy$OVERRIDE          : loaded 2 times (x 81B)
Class org.jetbrains.kotlin.gradle.plugin.PropertiesProvider$kotlinExperimentalTryNext$1: loaded 2 times (x 71B)
Class org.jetbrains.kotlin.gradle.fus.BuildUidService$Companion                       : loaded 2 times (x 67B)
Class org.jetbrains.kotlin.gradle.plugin.VariantImplementationFactoriesConfigurator$Companion$getProvider$1: loaded 2 times (x 70B)
Class com.google.common.collect.Sets$1                                                : loaded 2 times (x 135B)
Class org.objectweb.asm.AnnotationVisitor                                             : loaded 2 times (x 74B)
Class com.microsoft.gradle.api.GradleProjectModel                                     : loaded 2 times (x 66B)
Class _20635231e9ace422b77ce399f3960_5x3zivke4u3yn5xarehwhb343$_run_closure1          : loaded 2 times (x 135B)
Class org.gradle.api.internal.DefaultClassPathProvider                                : loaded 2 times (x 72B)
Class org.jetbrains.kotlin.statistics.metrics.OverrideMetricContainer                 : loaded 2 times (x 76B)
Class org.jetbrains.kotlin.gradle.tasks.configuration.KaptGenerateStubsConfig$Companion$wireJavaAndKotlinOutputs$1: loaded 2 times (x 75B)
Class org.jetbrains.kotlin.gradle.tasks.abi.AbiToolsTask                              : loaded 2 times (x 314B)
Class org.jetbrains.kotlin.gradle.plugin.KotlinPluginLifecycleCoroutineContextElement : loaded 2 times (x 80B)
Class org.jetbrains.kotlin.gradle.dsl.PlatformSourceSetConventionsChecker             : loaded 2 times (x 70B)
Class org.jetbrains.kotlin.gradle.plugin.diagnostics.checkers.KotlinSourceSetTreeDependsOnMismatchChecker: loaded 2 times (x 70B)
Class org.jetbrains.kotlin.gradle.targets.CreateDefaultCompilationsSideEffectKt       : loaded 2 times (x 67B)
Class org.jetbrains.kotlin.gradle.plugin.mpp.SyncLanguageSettingsWithKotlinExtensionSetupActionKt: loaded 2 times (x 67B)
Class org.jetbrains.kotlin.statistics.metrics.NumericalMetrics                        : loaded 2 times (x 76B)
Class org.jetbrains.kotlin.gradle.plugin.VariantImplementationFactories$Companion$getProvider$2$1: loaded 2 times (x 75B)
Class com.google.common.collect.Sets$2                                                : loaded 2 times (x 135B)
Class [Lorg.gradle.api.internal.ClassPathProvider;                                    : loaded 2 times (x 65B)
Class org.gradle.api.internal.ClassPathProvider                                       : loaded 2 times (x 66B)
Class org.jetbrains.kotlin.gradle.plugin.statistics.BuildFinishMetrics$reportBuildFinished$1: loaded 2 times (x 75B)
Class org.jetbrains.kotlin.gradle.tasks.KotlinJvmCompile$DefaultImpls                 : loaded 2 times (x 67B)
Class org.jetbrains.kotlin.gradle.tasks.CacheableTasksKt                              : loaded 2 times (x 67B)
Class org.jetbrains.kotlin.gradle.plugin.diagnostics.CheckKotlinGradlePluginConfigurationErrors$Companion: loaded 2 times (x 67B)
Class org.jetbrains.kotlin.konan.target.HostManager$targetValues$2                    : loaded 2 times (x 74B)
Class org.jetbrains.kotlin.gradle.plugin.diagnostics.checkers.UnusedSourceSetsChecker$runChecks$1: loaded 2 times (x 84B)
Class org.jetbrains.kotlin.gradle.targets.js.npm.PeerNpmDependencyExtension           : loaded 2 times (x 66B)
Class org.jetbrains.kotlin.gradle.dsl.AndroidMainSourceSetConventionsChecker          : loaded 2 times (x 70B)
Class org.jetbrains.kotlin.gradle.plugin.diagnostics.checkers.WasmJsEnvironmentChecker$1: loaded 2 times (x 74B)
Class org.jetbrains.kotlin.gradle.targets.js.npm.NpmDependencyExtensionKt$AddNpmDependencyExtensionProjectSetupAction$1: loaded 2 times (x 70B)
Class [Lorg.jetbrains.kotlin.konan.target.Family;                                     : loaded 2 times (x 65B)
Class org.jetbrains.kotlin.gradle.plugin.statistics.BuildFinishBuildService$Parameters$Inject: loaded 2 times (x 110B)
Class org.jetbrains.kotlin.gradle.plugin.statistics.FlowActionBuildFusService         : loaded 2 times (x 80B)
Class org.jetbrains.kotlin.build.report.metrics.GradleBuildPerformanceMetric          : loaded 2 times (x 68B)
Class org.jetbrains.kotlin.gradle.internal.properties.PropertiesBuildService$NullableBooleanGradleProperty: loaded 2 times (x 72B)
Class [Lorg.objectweb.asm.AnnotationVisitor;                                          : loaded 2 times (x 65B)
Class com.google.common.collect.Sets$3                                                : loaded 2 times (x 135B)
Class com.google.common.cache.LocalCache$LocalLoadingCache                            : loaded 2 times (x 130B)
Class org.gradle.internal.service.UnknownServiceException                             : loaded 2 times (x 79B)
Class org.jetbrains.kotlin.gradle.tasks.configuration.BaseKotlinCompileConfig$2$1$1$1 : loaded 2 times (x 70B)
Class org.jetbrains.kotlin.gradle.tasks.KotlinCompile$ScriptFilterSpec                : loaded 2 times (x 71B)
Class org.jetbrains.kotlin.gradle.plugin.diagnostics.checkers.ComposePluginSuggestApplyChecker$runChecks$1: loaded 2 times (x 84B)
Class org.jetbrains.kotlin.konan.target.KonanTarget$TVOS_ARM64                        : loaded 2 times (x 74B)
Class org.jetbrains.kotlin.gradle.targets.js.npm.DefaultPeerNpmDependencyExtension    : loaded 2 times (x 137B)
Class org.jetbrains.kotlin.gradle.targets.android.internal.InternalKotlinTargetPreset : loaded 2 times (x 66B)
Class org.jetbrains.kotlin.gradle.plugin.KotlinPluginLifecycleKt                      : loaded 2 times (x 67B)
Class org.jetbrains.kotlin.gradle.plugin.diagnostics.checkers.WasmJsEnvironmentChecker$2: loaded 2 times (x 74B)
Class org.jetbrains.kotlin.gradle.plugin.mpp.AbstractKotlinTarget                     : loaded 2 times (x 146B)
Class org.jetbrains.kotlin.gradle.internal.properties.NativePropertiesLoader$kotlinNativeVersion$1: loaded 2 times (x 71B)
Class org.jetbrains.kotlin.gradle.plugin.VariantImplementationFactoriesConfigurator$Inject: loaded 2 times (x 92B)
Class org.jetbrains.kotlin.gradle.dsl.KotlinSingleTargetExtension                     : loaded 2 times (x 120B)
Class com.google.common.collect.Sets$4                                                : loaded 2 times (x 135B)
Class org.objectweb.asm.ModuleVisitor                                                 : loaded 2 times (x 77B)
Class com.google.common.cache.LocalCache$Strength$1                                   : loaded 2 times (x 77B)
Class org.jetbrains.kotlin.gradle.tasks.configuration.BaseKotlinCompileConfig$2$1$1$2 : loaded 2 times (x 70B)
Class org.jetbrains.kotlin.gradle.plugin.mpp.KotlinCompilationsKt$addSourcesToKotlinCompileTask$configureAction$2: loaded 2 times (x 75B)
Class org.jetbrains.kotlin.gradle.plugin.mpp.compilationImpl.KotlinCompilationTaskNamesContainer: loaded 2 times (x 68B)
Class org.jetbrains.kotlin.gradle.plugin.mpp.compilationImpl.factory.KotlinCompilationImplFactory$KotlinCompilerOptionsFactory: loaded 2 times (x 66B)
Class org.jetbrains.kotlin.gradle.internal.properties.PropertiesBuildServiceKt$propertyWithDeprecatedName$1: loaded 2 times (x 71B)
Class org.jetbrains.kotlin.gradle.targets.js.npm.NpmDependencyExtension               : loaded 2 times (x 66B)
Class org.jetbrains.kotlin.gradle.plugin.LanguageSettingsBuilder                      : loaded 2 times (x 66B)
Class org.jetbrains.kotlin.gradle.plugin.diagnostics.checkers.WasmWasiEnvironmentChecker: loaded 2 times (x 72B)
Class org.jetbrains.kotlin.gradle.plugin.diagnostics.checkers.WasmJsEnvironmentChecker$3: loaded 2 times (x 74B)
Class org.jetbrains.kotlin.gradle.targets.ConfigureBuildSideEffectKt                  : loaded 2 times (x 67B)
Class org.jetbrains.kotlin.gradle.plugin.statistics.BuildFusService$Companion$registerIfAbsentImpl$generalConfigurationMetricsProvider$1: loaded 2 times (x 71B)
Class [Lorg.jetbrains.kotlin.statistics.metrics.StringMetrics;                        : loaded 2 times (x 65B)
Class org.jetbrains.kotlin.gradle.plugin.BuildEventsListenerRegistryHolder$Companion  : loaded 2 times (x 67B)
Class org.jetbrains.kotlin.gradle.internal.properties.PropertiesBuildService$Inject   : loaded 2 times (x 92B)
Class com.google.common.util.concurrent.SettableFuture                                : loaded 2 times (x 110B)
Class com.google.common.cache.LocalCache$Strength$2                                   : loaded 2 times (x 77B)
Class build_creuvvl54ynr0p4h18k914mft$_run_closure1                                   : loaded 2 times (x 135B)
Class org.jetbrains.kotlin.statistics.fileloggers.MetricsContainer$MetricDescriptor   : loaded 2 times (x 71B)
Class org.jetbrains.kotlin.gradle.tasks.KotlinJavaToolchain$JdkSetter                 : loaded 2 times (x 66B)
Class org.jetbrains.kotlin.gradle.plugin.KotlinPluginLifecycle$ProjectConfigurationResult$Success: loaded 2 times (x 67B)
Class org.jetbrains.kotlin.gradle.internal.StdlibDependencyManagementKt$configureStdlibVersionAlignment$1: loaded 2 times (x 71B)
Class org.jetbrains.kotlin.gradle.plugin.diagnostics.checkers.OverriddenKotlinNativeHomeChecker$allKonanMainSubdirectoriesExist$1$1: loaded 2 times (x 71B)
Class org.jetbrains.kotlin.gradle.dsl.PlatformSourceSetConventionsChecker$CheckedPlatformInfo: loaded 2 times (x 68B)
Class org.jetbrains.kotlin.gradle.plugin.diagnostics.checkers.WasmJsEnvironmentChecker$4: loaded 2 times (x 74B)
Class org.jetbrains.kotlin.gradle.plugin.mpp.KotlinUsages$KotlinCinteropDisambiguation: loaded 2 times (x 72B)
Class org.jetbrains.kotlin.gradle.plugin.KotlinPluginInMultipleProjectsHolder         : loaded 2 times (x 68B)
Class org.jetbrains.kotlin.gradle.report.BuildReportType$Companion                    : loaded 2 times (x 67B)
Class com.google.common.cache.LocalCache$Strength$3                                   : loaded 2 times (x 77B)
Class com.google.common.collect.MapDifference                                         : loaded 2 times (x 66B)
Class org.jetbrains.kotlin.gradle.plugin.mpp.compilationImpl.DefaultKotlinCompilationFriendPathsResolver$CompositeFriendArtifactResolver: loaded 2 times (x 71B)
Class org.jetbrains.kotlin.gradle.plugin.sources.FragmentConsistencyChecks$optInAnnotationsCheck$1: loaded 2 times (x 75B)
Class org.jetbrains.kotlin.gradle.plugin.mpp.AbstractKotlinCompilationToRunnableFiles : loaded 2 times (x 196B)
Class org.jetbrains.kotlin.gradle.artifacts.KotlinMetadataArtifactKt$KotlinMetadataArtifact$1: loaded 2 times (x 70B)
Class org.jetbrains.kotlin.gradle.plugin.mpp.KotlinUsages$KotlinMetadataCompatibility : loaded 2 times (x 72B)
Class [Lorg.jetbrains.kotlin.gradle.dsl.JvmTarget;                                    : loaded 2 times (x 65B)
Class org.jetbrains.kotlin.gradle.utils.ConfigurationsKt$maybeCreateResolvable$1      : loaded 2 times (x 74B)
Class org.jetbrains.kotlin.gradle.plugin.StatisticsBuildFlowManager$Companion         : loaded 2 times (x 67B)
Class org.jetbrains.kotlin.statistics.metrics.StringMetrics$Companion                 : loaded 2 times (x 67B)
Class org.jetbrains.kotlin.gradle.internal.properties.PropertiesBuildService$property$1$1: loaded 2 times (x 71B)
Class org.jetbrains.kotlin.tooling.core.Extras$Type                                   : loaded 2 times (x 68B)
Class org.objectweb.asm.FieldWriter                                                   : loaded 2 times (x 74B)
Class com.google.common.cache.CacheBuilder$NullListener                               : loaded 2 times (x 78B)
Class org.gradle.internal.classpath.TransformedClassPath                              : loaded 2 times (x 92B)
Class org.gradle.internal.classloader.InstrumentingClassLoader                        : loaded 2 times (x 66B)
Class com.google.common.collect.ImmutableRangeSet$AsSet                               : loaded 2 times (x 296B)
Class org.jetbrains.kotlin.gradle.plugin.sources.FragmentConsistencyChecks$optInAnnotationsCheck$2: loaded 2 times (x 74B)
Class org.jetbrains.kotlin.gradle.targets.NativeForwardImplementationToApiElementsSideEffectKt$special$$inlined$KotlinTargetSideEffect$1: loaded 2 times (x 70B)
Class org.jetbrains.kotlin.gradle.plugin.statistics.BuildFusServiceKt                 : loaded 2 times (x 67B)
Class org.jetbrains.kotlin.gradle.plugin.BuildFinishedListenerService$Companion       : loaded 2 times (x 67B)
Class org.jetbrains.kotlin.gradle.plugin.BuildFinishedListenerService                 : loaded 2 times (x 76B)
Class com.google.common.cache.CacheLoader$FunctionToCacheLoader                       : loaded 2 times (x 71B)
Class com.google.common.collect.Iterators$ArrayItr                                    : loaded 2 times (x 93B)
Class com.google.common.collect.ImmutableCollection$Builder                           : loaded 2 times (x 72B)
Class org.jetbrains.kotlin.gradle.tasks.AbstractKotlinCompileTool$sources$1           : loaded 2 times (x 75B)
Class org.jetbrains.kotlin.gradle.tasks.configuration.TaskConfigAction                : loaded 2 times (x 68B)
Class com.google.common.base.Joiner                                                   : loaded 2 times (x 75B)
Class org.jetbrains.kotlin.gradle.plugin.diagnostics.checkers.OverriddenKotlinNativeHomeChecker$allKonanMainSubdirectoriesExist$1: loaded 2 times (x 71B)
Class org.jetbrains.kotlin.gradle.plugin.AbstractKotlinPlugin$Companion               : loaded 2 times (x 67B)
Class org.jetbrains.kotlin.gradle.plugin.KotlinSourceSetTree                          : loaded 2 times (x 68B)
Class org.jetbrains.kotlin.gradle.plugin.KotlinPluginLifecycle$Stage                  : loaded 2 times (x 75B)
Class [Lorg.jetbrains.kotlin.gradle.plugin.diagnostics.checkers.GradleDeprecatedPropertyChecker$DeprecatedProperty;: loaded 2 times (x 65B)
Class org.jetbrains.kotlin.gradle.plugin.mpp.compilationImpl.KotlinCreateResourcesTaskSideEffectKt$KotlinCreateResourcesTaskSideEffect$1: loaded 2 times (x 70B)
Class org.jetbrains.kotlin.gradle.targets.jvm.KotlinJvmTargetTestFixturesSideEffectKt : loaded 2 times (x 67B)
Class org.jetbrains.kotlin.gradle.plugin.sources.KotlinSourceSetFactory               : loaded 2 times (x 76B)
Class org.jetbrains.kotlin.gradle.targets.native.toolchain.KotlinNativeBundleBuildService$Parameters_Decorated: loaded 2 times (x 135B)
Class org.jetbrains.kotlin.gradle.internal.ClassLoadersCachingBuildService$Companion  : loaded 2 times (x 67B)
Class org.jetbrains.kotlin.gradle.internal.IdeaKt$isInIdeaSync$1                      : loaded 2 times (x 70B)
Class com.google.common.base.MoreObjects                                              : loaded 2 times (x 67B)
Class build_bt0cj1yox62hpbgxe2e7bfw07$_run_closure1                                   : loaded 2 times (x 135B)
Class com.google.common.collect.RegularImmutableMap$KeySet                            : loaded 2 times (x 148B)
Class [Lorg.jetbrains.kotlin.build.report.metrics.BuildAttribute;                     : loaded 2 times (x 65B)
Class org.jetbrains.kotlin.gradle.utils.ProviderApiUtilsKt$mapOrNull$1$1              : loaded 2 times (x 71B)
Class org.jetbrains.kotlin.gradle.plugin.hierarchy.KotlinSourceSetTreeClassifier$Default: loaded 2 times (x 67B)
Class org.jetbrains.kotlin.gradle.tasks.configuration.AbstractKotlinCompileConfig     : loaded 2 times (x 68B)
Class org.jetbrains.kotlin.gradle.plugin.mpp.InternalKotlinCompilationKt              : loaded 2 times (x 67B)
Class org.jetbrains.kotlin.gradle.plugin.mpp.compilationImpl.KotlinCompilationImpl$attributes$2: loaded 2 times (x 75B)
Class org.jetbrains.kotlin.gradle.plugin.diagnostics.checkers.OverriddenKotlinNativeHomeChecker$StdlibExistenceCheckerValueSource: loaded 2 times (x 74B)
Class org.jetbrains.kotlin.gradle.plugin.StatisticsBuildFlowManager$subscribeForBuildResultAndConfigurationTimeMetrics$1$1: loaded 2 times (x 70B)
Class org.jetbrains.kotlin.gradle.plugin.statistics.BuildFinishBuildService$Parameters: loaded 2 times (x 66B)
Class org.jetbrains.kotlin.gradle.utils.IsolatedKotlinClasspathClassCastException     : loaded 2 times (x 78B)
Class com.google.common.collect.Platform                                              : loaded 2 times (x 67B)
Class [Lorg.objectweb.asm.Type;                                                       : loaded 2 times (x 65B)
Class com.google.common.collect.UnmodifiableIterator                                  : loaded 2 times (x 76B)
Class org.gradle.internal.service.ServiceLocator                                      : loaded 2 times (x 66B)
Class org.jetbrains.kotlin.gradle.tasks.DefaultKotlinJavaToolchain$DefaultJavaToolchainSetter$useAsConvention$1: loaded 2 times (x 71B)
Class org.jetbrains.kotlin.gradle.plugin.KotlinCompilerArgumentsProducer$CreateCompilerArgumentsContext: loaded 2 times (x 66B)
Class org.jetbrains.kotlin.gradle.utils.GradleAttributesContainerUtilsKt$copyAttributeTo$1: loaded 2 times (x 75B)
Class org.jetbrains.kotlin.gradle.plugin.hierarchy.KotlinSourceSetTreeClassifierKt$classify$1: loaded 2 times (x 84B)
Class com.google.common.collect.SingletonImmutableBiMap                               : loaded 2 times (x 139B)
Class [Lorg.jetbrains.kotlin.konan.target.KonanTarget;                                : loaded 2 times (x 65B)
Class org.jetbrains.kotlin.gradle.plugin.diagnostics.checkers.WasmSourceSetsNotFoundChecker: loaded 2 times (x 70B)
Class org.jetbrains.kotlin.gradle.plugin.diagnostics.checkers.AndroidSourceSetLayoutV1SourceSetsNotFoundChecker$androidSourceSetRegex$2: loaded 2 times (x 74B)
Class org.jetbrains.kotlin.gradle.plugin.statistics.KotlinBuildStatsLoggerService$Companion: loaded 2 times (x 67B)
Class com.google.common.base.Ascii                                                    : loaded 2 times (x 67B)
Class com.google.common.cache.LocalCache$1                                            : loaded 2 times (x 85B)
Class com.google.common.collect.Iterators$SingletonIterator                           : loaded 2 times (x 77B)
Class com.google.common.collect.AbstractMapEntry                                      : loaded 2 times (x 77B)
Class org.gradle.tooling.model.UnsupportedMethodException                             : loaded 2 times (x 78B)
Class org.jetbrains.kotlin.gradle.plugin.KotlinCompilationWithResources               : loaded 2 times (x 66B)
Class com.google.common.collect.Sets$ImprovedAbstractSet                              : loaded 2 times (x 131B)
Class com.google.common.collect.ImmutableList$Builder                                 : loaded 2 times (x 73B)
Class org.jetbrains.kotlin.gradle.plugin.KotlinTargetPreset                           : loaded 2 times (x 66B)
Class org.jetbrains.kotlin.gradle.plugin.diagnostics.checkers.KotlinTargetAlreadyDeclaredChecker: loaded 2 times (x 70B)
Class org.jetbrains.kotlin.gradle.plugin.mpp.compilationImpl.KotlinCompilationProcessorSideEffectKt: loaded 2 times (x 67B)
Class org.jetbrains.kotlin.gradle.utils.FileUtilsKt$localProperties$1                 : loaded 2 times (x 71B)
Class org.jetbrains.kotlin.gradle.dsl.HasConfigurableKotlinCompilerOptions            : loaded 2 times (x 66B)
Class com.google.common.collect.AbstractMultimap                                      : loaded 2 times (x 119B)
Class com.google.common.cache.LocalCache$2                                            : loaded 2 times (x 138B)
Class org.jetbrains.kotlin.gradle.tasks.configuration.AbstractKotlinCompileConfig$2$1 : loaded 2 times (x 75B)
Class org.jetbrains.kotlin.gradle.tasks.DefaultKotlinJavaToolchain_Decorated          : loaded 2 times (x 118B)
Class org.jetbrains.kotlin.gradle.plugin.statistics.KotlinProjectConfigurationMetrics : loaded 2 times (x 67B)
Class org.jetbrains.kotlin.gradle.plugin.KotlinCompilationInfo$TCS                    : loaded 2 times (x 85B)
Class com.google.common.collect.ImmutableRangeSet$1                                   : loaded 2 times (x 206B)
Class org.jetbrains.kotlin.gradle.plugin.mpp.HasBinaries                              : loaded 2 times (x 66B)
Class org.jetbrains.kotlin.gradle.dsl.KotlinCommonOptions                             : loaded 2 times (x 66B)
Class org.jetbrains.kotlin.gradle.plugin.diagnostics.checkers.KmpPartiallyResolvedDependenciesChecker: loaded 2 times (x 70B)
Class org.jetbrains.kotlin.gradle.plugin.mpp.compilationImpl.KotlinCreateSourcesJarTaskSideEffectKt: loaded 2 times (x 67B)
Class org.jetbrains.kotlin.gradle.dsl.KotlinJvmProjectExtension                       : loaded 2 times (x 143B)
Class org.jetbrains.kotlin.gradle.plugin.KotlinGradlePluginExtensionPointInternalKt   : loaded 2 times (x 67B)
Class org.jetbrains.kotlin.gradle.targets.native.toolchain.UsesKotlinNativeBundleBuildService: loaded 2 times (x 66B)
Class org.jetbrains.kotlin.gradle.plugin.KotlinCompilerArgumentsProducer              : loaded 2 times (x 66B)
Class org.jetbrains.kotlin.build.report.metrics.ValueType                             : loaded 2 times (x 75B)
Class com.google.common.collect.RegularImmutableAsList                                : loaded 2 times (x 213B)
Class org.jetbrains.kotlin.build.report.metrics.BuildTimes$Companion                  : loaded 2 times (x 67B)
Class org.jetbrains.kotlin.gradle.internal.tasks.ProducesKlib                         : loaded 2 times (x 66B)
Class org.jetbrains.kotlin.gradle.tasks.configuration.BaseKotlinCompileConfig$1$classpathConfiguration$1: loaded 2 times (x 71B)
Class com.google.common.collect.Range                                                 : loaded 2 times (x 83B)
Class org.jetbrains.kotlin.gradle.targets.js.npm.NpmDependencyExtensionDelegate       : loaded 2 times (x 163B)
Class org.jetbrains.kotlin.gradle.plugin.sources.FragmentConsistencyChecker           : loaded 2 times (x 68B)
Class org.jetbrains.kotlin.gradle.dsl.DefaultToolchainSupport_Decorated               : loaded 2 times (x 116B)
Class org.jetbrains.kotlin.gradle.internal.properties.NativePropertiesLoader$jvmArgs$1: loaded 2 times (x 71B)
Class org.jetbrains.kotlin.gradle.report.BuildMetricsService$Companion                : loaded 2 times (x 67B)
Class org.jetbrains.kotlin.gradle.tasks.KotlinCompileTool                             : loaded 2 times (x 66B)
Class org.jetbrains.kotlin.gradle.plugin.VariantImplementationFactories$Parameters_Decorated: loaded 2 times (x 126B)
Class org.jetbrains.kotlin.gradle.plugin.statistics.BuildFinishBuildService$Parameters_Decorated: loaded 2 times (x 138B)
Class org.jetbrains.kotlin.gradle.plugin.PropertiesProvider$PropertyNames             : loaded 2 times (x 67B)
Class org.jetbrains.kotlin.gradle.utils.SingleAction$PerformedActions                 : loaded 2 times (x 68B)
Class org.jetbrains.kotlin.gradle.utils.GradleUtilsKt                                 : loaded 2 times (x 67B)
Class org.jetbrains.kotlin.gradle.plugin.HasProject                                   : loaded 2 times (x 66B)
Class com.google.common.util.concurrent.AbstractFuture$Trusted                        : loaded 2 times (x 66B)
Class com.google.common.collect.Iterators                                             : loaded 2 times (x 67B)
Class build_6vtt97gw5jv87gpf86barmdyl                                                 : loaded 2 times (x 168B)
Class org.jetbrains.kotlin.gradle.tasks.configuration.AbstractKotlinCompileConfig$2$3 : loaded 2 times (x 71B)
Class org.jetbrains.kotlin.tooling.core.KotlinToolingVersion                          : loaded 2 times (x 71B)
Class org.jetbrains.kotlin.gradle.tasks.configuration.BaseKotlinCompileConfig         : loaded 2 times (x 68B)
Class org.jetbrains.kotlin.gradle.plugin.mpp.compilationImpl.factory.KotlinCompilationImplFactory$KotlinCompilationTaskNamesContainerFactory: loaded 2 times (x 66B)
Class org.jetbrains.kotlin.gradle.internal.KotlinDependenciesManagementKt$CustomizeKotlinDependenciesSetupAction$1$coreLibrariesVersion$1: loaded 2 times (x 75B)
Class org.jetbrains.kotlin.gradle.plugin.diagnostics.checkers.AndroidPublicationNotConfiguredChecker$runChecks$1: loaded 2 times (x 84B)
Class org.jetbrains.kotlin.gradle.plugin.diagnostics.checkers.CInteropInputChecker$runChecks$1: loaded 2 times (x 84B)
Class org.jetbrains.kotlin.gradle.ExperimentalKotlinGradlePluginApi                   : loaded 2 times (x 66B)
Class org.jetbrains.kotlin.gradle.plugin.diagnostics.ToolingDiagnosticRenderingOptionsKt$isAttachedToTerminal$1: loaded 2 times (x 70B)
Class org.jetbrains.kotlin.gradle.internal.properties.NativePropertiesLoader          : loaded 2 times (x 79B)
Class org.jetbrains.kotlin.statistics.metrics.NumberAnonymizationPolicy$SAFE          : loaded 2 times (x 81B)
Class org.jetbrains.kotlin.gradle.plugin.statistics.BuildFusService                   : loaded 2 times (x 80B)
Class org.jetbrains.kotlin.gradle.dsl.KotlinAndroidProjectExtension                   : loaded 2 times (x 135B)
Class com.google.common.collect.Lists$StringAsImmutableList                           : loaded 2 times (x 203B)
Class com.google.common.util.concurrent.UncheckedExecutionException                   : loaded 2 times (x 78B)
Class org.jetbrains.kotlin.statistics.fileloggers.MetricsContainer$Companion$readFromFile$1: loaded 2 times (x 75B)
Class org.jetbrains.kotlin.gradle.tasks.configuration.AbstractKotlinCompileConfig$2$4 : loaded 2 times (x 71B)
Class org.jetbrains.kotlin.gradle.tasks.KotlinCompile$scriptSources$1                 : loaded 2 times (x 71B)
Class org.jetbrains.kotlin.build.report.metrics.BuildAttribute$Companion              : loaded 2 times (x 67B)
Class org.jetbrains.kotlin.gradle.plugin.diagnostics.checkers.CInteropInputChecker$runChecks$2: loaded 2 times (x 71B)
Class org.jetbrains.kotlin.gradle.tasks.configuration.KaptGenerateStubsConfig$Companion: loaded 2 times (x 67B)
Class org.jetbrains.kotlin.gradle.internal.KotlinTestDependencyManagementKt$maybeAddTestDependencyCapability$1: loaded 2 times (x 71B)
Class org.jetbrains.kotlin.gradle.dsl.abi.AbiValidationLegacyDumpExtension            : loaded 2 times (x 66B)
Class org.jetbrains.kotlin.gradle.plugin.diagnostics.CheckKotlinGradlePluginConfigurationErrorsKt: loaded 2 times (x 67B)
Class org.jetbrains.kotlin.gradle.targets.js.npm.NpmDependencyExtensionKt$AddNpmDependencyExtensionProjectSetupAction$1$WhenMappings: loaded 2 times (x 67B)
Class org.jetbrains.kotlin.gradle.plugin.mpp.KotlinJvmAndroidCompilation              : loaded 2 times (x 198B)
Class org.jetbrains.kotlin.gradle.targets.CreateDefaultCompilationsSideEffectKt$CreateDefaultCompilationsSideEffect$1: loaded 2 times (x 70B)
Class org.jetbrains.kotlin.gradle.targets.native.internal.AddKotlinPlatformIntegersSupportLibraryKt$AddKotlinPlatformIntegersSupportLibrary$1: loaded 2 times (x 91B)
Class org.jetbrains.kotlin.gradle.plugin.mpp.ApplyUserDefinedAttributesKt             : loaded 2 times (x 67B)
Class org.jetbrains.kotlin.gradle.utils.FutureImpl                                    : loaded 2 times (x 76B)
Class org.jetbrains.kotlin.gradle.plugin.diagnostics.ToolingDiagnosticRenderingOptionsKt$isAttachedToTerminal$2: loaded 2 times (x 70B)
Class org.jetbrains.kotlin.gradle.internal.properties.NativePropertiesLoader$isToolchainEnabled$1: loaded 2 times (x 71B)
Class [Lorg.jetbrains.kotlin.statistics.metrics.NumericalMetrics;                     : loaded 2 times (x 65B)
Class org.gradle.internal.InternalTransformer                                         : loaded 2 times (x 66B)
Class org.jetbrains.kotlin.gradle.tasks.CompileUsingKotlinDaemonWithNormalization     : loaded 2 times (x 66B)
Class org.jetbrains.kotlin.gradle.plugin.mpp.compilationImpl.factory.KotlinCompilationImplFactory$PostConfigure$Companion: loaded 2 times (x 67B)
Class com.google.common.collect.AbstractMapBasedMultimap$KeySet$1                     : loaded 2 times (x 78B)
Class org.jetbrains.kotlin.gradle.internal.KotlinDomApiDependencyManagementKt$configureKotlinDomApiDefaultDependency$1: loaded 2 times (x 75B)
Class org.jetbrains.kotlin.gradle.targets.js.npm.DefaultDevNpmDependencyExtension     : loaded 2 times (x 141B)
Class [Lorg.jetbrains.kotlin.gradle.plugin.HasKotlinDependencies;                     : loaded 2 times (x 65B)
Class org.jetbrains.kotlin.gradle.tasks.DefaultKotlinJavaToolchain$Companion$wireJvmTargetToToolchain$1: loaded 2 times (x 71B)
Class org.jetbrains.kotlin.gradle.plugin.diagnostics.checkers.JsLikeEnvironmentChecker: loaded 2 times (x 72B)
Class org.jetbrains.kotlin.gradle.plugin.KotlinPlatformType                           : loaded 2 times (x 78B)
Class org.jetbrains.kotlin.gradle.plugin.KotlinGradleBuildServices$Companion          : loaded 2 times (x 67B)
Class org.jetbrains.kotlin.gradle.internal.properties.PropertiesBuildServiceKt        : loaded 2 times (x 67B)
Class org.objectweb.asm.ClassWriter                                                   : loaded 2 times (x 102B)
Class com.google.common.cache.CacheLoader$UnsupportedLoadingOperationException        : loaded 2 times (x 78B)
Class com.google.common.base.CharMatcher$And                                          : loaded 2 times (x 108B)
Class org.gradle.internal.time.DefaultTimer                                           : loaded 2 times (x 76B)
Class org.gradle.internal.classloader.ClasspathUtil$1                                 : loaded 2 times (x 72B)
Class com.google.common.collect.AbstractMapBasedMultimap$Itr                          : loaded 2 times (x 79B)
Class org.jetbrains.kotlin.gradle.dsl.KotlinJvmCompilerOptionsHelper                  : loaded 2 times (x 67B)
Class org.jetbrains.kotlin.gradle.tasks.DefaultKotlinJavaToolchain$Companion$wireJvmTargetToToolchain$2: loaded 2 times (x 71B)
Class org.jetbrains.kotlin.gradle.plugin.ProjectLocalConfigurations$ProjectLocalDisambiguation: loaded 2 times (x 72B)
Class org.jetbrains.kotlin.gradle.plugin.diagnostics.ToolingDiagnosticRenderingOptions$Companion: loaded 2 times (x 67B)
Class org.jetbrains.kotlin.gradle.plugin.diagnostics.DiagnosticGroup$KotlinDiagnosticGroup: loaded 2 times (x 77B)
Class org.jetbrains.kotlin.gradle.internal.properties.PropertiesBuildService$NullableStringGradleProperty: loaded 2 times (x 72B)
Class org.jetbrains.kotlin.gradle.targets.native.KonanPropertiesBuildService          : loaded 2 times (x 72B)
Class org.jetbrains.kotlin.gradle.plugin.KotlinGradleBuildServices$detectKotlinPluginLoadedInMultipleProjects$onRegister$1$1: loaded 2 times (x 71B)
Class org.jetbrains.kotlin.gradle.plugin.internal.ConfigurationCacheStartParameterAccessor$Factory: loaded 2 times (x 66B)
Class org.objectweb.asm.FieldVisitor                                                  : loaded 2 times (x 73B)
Class com.google.common.collect.IndexedImmutableSet                                   : loaded 2 times (x 148B)
Class com.google.common.collect.ImmutableMap$1                                        : loaded 2 times (x 77B)
Class com.google.common.collect.BiMap                                                 : loaded 2 times (x 66B)
Class org.gradle.api.internal.classpath.DefaultModuleRegistry$DefaultModule           : loaded 2 times (x 82B)
Class org.jetbrains.kotlin.gradle.plugin.statistics.BuildFinishMetrics$reportGlobalMetrics$1: loaded 2 times (x 75B)
Class org.jetbrains.kotlin.gradle.plugin.diagnostics.CheckKotlinGradlePluginConfigurationErrors_Decorated: loaded 2 times (x 359B)
Class org.jetbrains.kotlin.gradle.plugin.mpp.compilationImpl.KotlinCompilationSourceSetInclusion$DefaultAddSourcesToCompileTask$addSources$1: loaded 2 times (x 75B)
Class org.jetbrains.kotlin.gradle.plugin.diagnostics.checkers.WasmSourceSetsNotFoundChecker$wasmSourceSetRegex$2: loaded 2 times (x 74B)
Class org.jetbrains.kotlin.gradle.plugin.mpp.compilationImpl.KotlinCompilationSideEffect: loaded 2 times (x 66B)
Class org.jetbrains.kotlin.gradle.plugin.KotlinGradlePluginExtensionPoint             : loaded 2 times (x 66B)
Class org.jetbrains.kotlin.tooling.core.ExtrasUtilsKt                                 : loaded 2 times (x 67B)
Class org.jetbrains.kotlin.buildtools.api.ExperimentalBuildToolsApi                   : loaded 2 times (x 66B)
Class org.jetbrains.kotlin.gradle.targets.native.KonanPropertiesBuildService$Companion$registerIfAbsent$2$1$1: loaded 2 times (x 71B)
Class org.jetbrains.kotlin.gradle.internal.IsInIdeaSyncValueSource$Inject             : loaded 2 times (x 105B)
Class org.jetbrains.kotlin.gradle.utils.ResourceUtilsKt                               : loaded 2 times (x 67B)
Class org.jetbrains.kotlin.gradle.plugin.KotlinPluginWrapperKt$kotlinPluginVersionFromResources$1: loaded 2 times (x 74B)
Class com.google.common.primitives.Ints                                               : loaded 2 times (x 67B)
Class com.google.common.collect.AbstractIterator                                      : loaded 2 times (x 78B)
Class org.jetbrains.kotlin.gradle.tasks.UsesKotlinJavaToolchain$DefaultImpls          : loaded 2 times (x 67B)
Class org.jetbrains.kotlin.build.report.metrics.BuildAttributeKind$Companion          : loaded 2 times (x 67B)
Class org.jetbrains.kotlin.gradle.plugin.mpp.KotlinTargetSoftwareComponentImplKt$KotlinTargetSoftwareComponent$1$1$1: loaded 2 times (x 71B)
Class org.jetbrains.kotlin.gradle.tasks.configuration.KaptGenerateStubsConfig$Companion$configureLibraries$1: loaded 2 times (x 75B)
Class org.jetbrains.kotlin.gradle.plugin.mpp.compilationImpl.KotlinCompilationSourceSetInclusion$DefaultAddSourcesToCompileTask$addSources$2: loaded 2 times (x 75B)
Class org.jetbrains.kotlin.gradle.tasks.AbstractKotlinCompile                         : loaded 2 times (x 455B)
Class org.jetbrains.kotlin.gradle.plugin.KotlinCompilationOutput                      : loaded 2 times (x 66B)
Class com.google.common.collect.ObjectArrays                                          : loaded 2 times (x 67B)
Class org.jetbrains.kotlin.gradle.plugin.diagnostics.CheckKotlinGradlePluginConfigurationErrorsKt$addDependsOnFromTasksThatShouldFailWhenErrorsReported$1: loaded 2 times (x 71B)
Class org.jetbrains.kotlin.konan.target.KonanTarget$TVOS_X64                          : loaded 2 times (x 74B)
Class org.jetbrains.kotlin.gradle.plugin.diagnostics.KotlinToolingDiagnosticsSetupActionKt: loaded 2 times (x 67B)
Class org.jetbrains.kotlin.gradle.targets.native.KonanPropertiesBuildService$Parameters_Decorated: loaded 2 times (x 126B)
Class org.jetbrains.kotlin.gradle.plugin.KotlinGradleBuildServices$Parameters$Inject  : loaded 2 times (x 102B)
Class org.jetbrains.kotlin.gradle.fus.BuildUidService$Inject                          : loaded 2 times (x 96B)
Class org.jetbrains.kotlin.gradle.plugin.KotlinPluginWrapperKt$kotlinPluginVersionFromResources$1$1: loaded 2 times (x 67B)
Class com.google.common.math.MathPreconditions                                        : loaded 2 times (x 67B)
Class com.google.common.collect.Multiset                                              : loaded 2 times (x 66B)
Class com.google.common.collect.ArrayListMultimapGwtSerializationDependencies         : loaded 2 times (x 168B)
Class com.google.common.collect.AbstractIndexedListIterator                           : loaded 2 times (x 92B)
Class org.gradle.internal.time.DefaultCountdownTimer                                  : loaded 2 times (x 84B)
Class org.jetbrains.kotlin.gradle.plugin.attributes.KlibPackaging$Companion           : loaded 2 times (x 67B)
Class org.jetbrains.kotlin.tooling.core.Extras$Entry                                  : loaded 2 times (x 68B)
Class org.jetbrains.kotlin.gradle.plugin.sources.InternalKotlinSourceSetKt            : loaded 2 times (x 67B)
Class org.jetbrains.kotlin.gradle.utils.WhenEvaluatedKt$whenEvaluated$3               : loaded 2 times (x 75B)
Class org.jetbrains.kotlin.gradle.internal.Kapt3GradleSubplugin$Kapt3SubpluginContext : loaded 2 times (x 68B)
Class org.jetbrains.kotlin.gradle.artifacts.KotlinTargetArtifact                      : loaded 2 times (x 66B)
Class org.jetbrains.kotlin.gradle.dsl.KotlinJvmCompilerOptionsDefault_Decorated       : loaded 2 times (x 160B)
Class org.jetbrains.kotlin.gradle.plugin.HasKotlinDependencies                        : loaded 2 times (x 66B)
Class org.jetbrains.kotlin.gradle.internal.ClassLoadersCachingBuildService$Parameters_Decorated: loaded 2 times (x 126B)
Class org.jetbrains.kotlin.gradle.targets.native.toolchain.KotlinNativeBundleBuildService$Companion: loaded 2 times (x 67B)
Class org.jetbrains.kotlin.gradle.plugin.StatisticsBuildFlowManager$subscribeForBuildResultAndConfigurationTimeMetrics$1: loaded 2 times (x 71B)
Class org.jetbrains.kotlin.gradle.plugin.statistics.MetricContainer                   : loaded 2 times (x 68B)
Class org.jetbrains.kotlin.gradle.plugin.statistics.old.Pre232IdeaKotlinBuildStatsMXBean: loaded 2 times (x 66B)
Class org.jetbrains.kotlin.gradle.plugin.statistics.KotlinBuildStatsServicesRegistry  : loaded 2 times (x 74B)
Class org.jetbrains.kotlin.gradle.plugin.BuildEventsListenerRegistryHolder_Decorated  : loaded 2 times (x 111B)
Class org.jetbrains.kotlin.gradle.plugin.VariantImplementationFactoriesConfigurator   : loaded 2 times (x 72B)
Class com.google.common.collect.ImmutableMapEntrySet                                  : loaded 2 times (x 148B)
Class org.gradle.tooling.internal.gradle.DefaultBuildIdentifier                       : loaded 2 times (x 75B)
Class org.gradle.api.internal.classpath.Module                                        : loaded 2 times (x 66B)
Class org.jetbrains.kotlin.gradle.tasks.KotlinCompile$ClasspathSnapshotProperties_Decorated: loaded 2 times (x 125B)
Class org.jetbrains.kotlin.gradle.plugin.mpp.compilationImpl.KotlinCompilationSourceSetInclusion$Companion$includedSourceSets$2: loaded 2 times (x 74B)
Class org.jetbrains.kotlin.gradle.utils.WhenEvaluatedKt$whenEvaluated$4               : loaded 2 times (x 71B)
Class org.jetbrains.kotlin.gradle.plugin.diagnostics.KotlinToolingDiagnosticsSetupActionKt$KotlinToolingDiagnosticsSetupAction$1$1: loaded 2 times (x 71B)
Class org.jetbrains.kotlin.gradle.targets.js.npm.NpmDirectoryDependencyWithExternalsExtension: loaded 2 times (x 66B)
Class org.jetbrains.kotlin.gradle.plugin.KotlinProjectSetupAction                     : loaded 2 times (x 66B)
Class org.jetbrains.kotlin.gradle.plugin.KotlinGradleFinishBuildHandler$Companion     : loaded 2 times (x 67B)
Class org.jetbrains.kotlin.gradle.internal.IsInIdeaSyncValueSource                    : loaded 2 times (x 74B)
Class com.google.common.cache.Weigher                                                 : loaded 2 times (x 66B)
Class org.gradle.api.internal.classpath.UnknownModuleException                        : loaded 2 times (x 78B)
Class org.jetbrains.kotlin.gradle.plugin.mpp.InternalKotlinTargetComponentKt          : loaded 2 times (x 67B)
Class org.jetbrains.kotlin.gradle.plugin.mpp.InternalKotlinTarget$DefaultImpls        : loaded 2 times (x 67B)
Class org.jetbrains.kotlin.gradle.plugin.statistics.KotlinBuildStatisticsUtilsKt$collectAppliedPluginsStatistics$1: loaded 2 times (x 71B)
Class org.jetbrains.kotlin.gradle.plugin.KotlinPluginLifecycleImpl$executeCurrentStageAndScheduleNext$3: loaded 2 times (x 71B)
Class org.jetbrains.kotlin.gradle.plugin.mpp.compilationImpl.KotlinCompilationRegisterInSourceSetsConfigurator$configure$1: loaded 2 times (x 75B)
Class org.jetbrains.kotlin.gradle.plugin.diagnostics.KotlinToolingDiagnosticsSetupActionKt$KotlinToolingDiagnosticsSetupAction$1$2: loaded 2 times (x 91B)
Class org.jetbrains.kotlin.gradle.targets.js.npm.NpmDependencyWithExternalsExtension  : loaded 2 times (x 66B)
Class org.jetbrains.kotlin.gradle.plugin.mpp.KotlinUsageContext                       : loaded 2 times (x 66B)
Class org.jetbrains.kotlin.gradle.plugin.KotlinTargetsContainer                       : loaded 2 times (x 66B)
Class org.jetbrains.kotlin.gradle.plugin.diagnostics.KotlinToolingDiagnosticsCollector$Parameter$Inject: loaded 2 times (x 102B)
Class org.jetbrains.kotlin.compilerRunner.GradleCliCommonizerKt                       : loaded 2 times (x 67B)
Class org.jetbrains.kotlin.gradle.utils.ConfigurationsKt                              : loaded 2 times (x 67B)
Class org.jetbrains.kotlin.gradle.plugin.StatisticsBuildFlowManager                   : loaded 2 times (x 68B)
Class org.jetbrains.kotlin.gradle.plugin.statistics.BuildFusService$Parameters        : loaded 2 times (x 66B)
Class org.jetbrains.kotlin.gradle.plugin.diagnostics.DefaultProblemsReporter$Factory  : loaded 2 times (x 72B)
Class org.jetbrains.kotlin.gradle.plugin.PluginWrappersKt                             : loaded 2 times (x 67B)
Class com.google.common.base.Stopwatch                                                : loaded 2 times (x 68B)
Class com.google.common.cache.LocalCache$Strength                                     : loaded 2 times (x 77B)
Class com.google.common.cache.Cache                                                   : loaded 2 times (x 66B)
Class com.google.gson.stream.JsonReader$1                                             : loaded 2 times (x 68B)
Class org.jetbrains.kotlin.build.report.metrics.BuildMetricsReporter                  : loaded 2 times (x 66B)
Class org.jetbrains.kotlin.gradle.plugin.statistics.KotlinBuildStatisticsUtilsKt$collectAppliedPluginsStatistics$2: loaded 2 times (x 71B)
Class org.jetbrains.kotlin.gradle.plugin.mpp.InternalKotlinTargetKt                   : loaded 2 times (x 67B)
Class org.jetbrains.kotlin.gradle.plugin.diagnostics.KotlinToolingDiagnosticsSetupActionKt$KotlinToolingDiagnosticsSetupAction$1$3: loaded 2 times (x 71B)
Class org.jetbrains.kotlin.gradle.targets.js.dsl.KotlinTargetWithNodeJsDsl            : loaded 2 times (x 66B)
Class org.jetbrains.kotlin.gradle.plugin.sources.DefaultKotlinSourceSetKt$defaultSourceSetLanguageSettingsChecker$1: loaded 2 times (x 74B)
Class org.jetbrains.kotlin.gradle.plugin.sources.InternalKotlinSourceSet              : loaded 2 times (x 66B)
Class org.jetbrains.kotlin.gradle.plugin.KotlinJvmPlugin                              : loaded 2 times (x 75B)
Class org.jetbrains.kotlin.gradle.plugin.mpp.SyncLanguageSettingsWithKotlinExtensionSetupActionKt$SyncLanguageSettingsWithKotlinExtensionSetupAction$1: loaded 2 times (x 91B)
Class org.jetbrains.kotlin.gradle.dsl.KotlinGradlePluginPublicDsl                     : loaded 2 times (x 66B)
Class org.jetbrains.kotlin.gradle.internal.properties.NativeProperties                : loaded 2 times (x 66B)
Class org.jetbrains.kotlin.gradle.fus.internal.SynchronizedConfigurationMetrics       : loaded 2 times (x 68B)
Class org.jetbrains.kotlin.statistics.BuildSessionLogger                              : loaded 2 times (x 73B)
Class org.jetbrains.kotlin.gradle.plugin.internal.ConfigurationCacheStartParameterAccessor: loaded 2 times (x 66B)
Class org.jetbrains.kotlin.gradle.internal.diagnostics.GradleCompatibilityCheck$DefaultCurrentGradleVersionProvider: loaded 2 times (x 70B)
Class org.jetbrains.kotlin.gradle.dsl.KotlinBaseExtension                             : loaded 2 times (x 66B)
Class com.google.common.util.concurrent.AbstractFuture$Cancellation                   : loaded 2 times (x 68B)
Class com.google.common.collect.ImmutableMap$Builder                                  : loaded 2 times (x 78B)
Class org.jetbrains.kotlin.gradle.utils.FutureKt$future$2$1                           : loaded 2 times (x 91B)
Class org.jetbrains.kotlin.gradle.plugin.diagnostics.DefaultProblemsReporter$logger$2 : loaded 2 times (x 75B)
Class org.jetbrains.kotlin.gradle.plugin.diagnostics.DefaultProblemsReporter          : loaded 2 times (x 72B)
Class [Lorg.jetbrains.kotlin.gradle.plugin.statistics.plugins.ObservablePlugins;      : loaded 2 times (x 65B)
Class org.jetbrains.kotlin.gradle.plugin.internal.BuildIdService$Companion$registerIfAbsent$1$1: loaded 2 times (x 71B)
Class org.jetbrains.kotlin.gradle.targets.js.dsl.KotlinWasmTargetDsl                  : loaded 2 times (x 66B)
Class org.jetbrains.kotlin.gradle.plugin.diagnostics.checkers.DisabledCinteropCommonizationInHmppProjectChecker$runChecks$1: loaded 2 times (x 84B)
Class org.jetbrains.kotlin.gradle.plugin.sources.ConsistencyCheck                     : loaded 2 times (x 68B)
Class org.jetbrains.kotlin.gradle.plugin.sources.DefaultKotlinSourceSetKt$defaultSourceSetLanguageSettingsChecker$2: loaded 2 times (x 74B)
Class org.jetbrains.kotlin.gradle.dsl.KotlinCommonToolOptions                         : loaded 2 times (x 66B)
Class org.jetbrains.kotlin.gradle.plugin.AbstractKotlinPlugin                         : loaded 2 times (x 74B)
Class org.jetbrains.kotlin.gradle.tasks.DefaultKotlinJavaToolchain$Companion$wireJvmTargetToJvm$1: loaded 2 times (x 71B)
Class org.jetbrains.kotlin.gradle.plugin.diagnostics.checkers.ComposePluginSuggestApplyChecker: loaded 2 times (x 70B)
Class org.jetbrains.kotlin.konan.target.KonanTarget$IOS_ARM64                         : loaded 2 times (x 74B)
Class org.jetbrains.kotlin.gradle.dsl.KotlinMultiplatformExtension                    : loaded 2 times (x 603B)
Class org.jetbrains.kotlin.gradle.plugin.diagnostics.KotlinToolingDiagnosticsCollectorKt$kotlinToolingDiagnosticsCollectorProvider$1$execute$$inlined$variantImplementationFactoryProvider$1: loaded 2 times (x 70B)
Class org.jetbrains.kotlin.gradle.plugin.BuildFinishAndConfigurationTimeMetricsFlowAction: loaded 2 times (x 70B)
Class org.jetbrains.kotlin.gradle.plugin.PropertiesProvider$booleanProvider$1         : loaded 2 times (x 70B)
Class com.google.common.cache.RemovalListener                                         : loaded 2 times (x 66B)
Class org.gradle.tooling.internal.gradle.GradleProjectIdentity                        : loaded 2 times (x 66B)
Class org.gradle.api.internal.DefaultClassPathRegistry                                : loaded 2 times (x 72B)
Class org.jetbrains.kotlin.gradle.plugin.mpp.KotlinTargetSoftwareComponentImplKt$KotlinTargetSoftwareComponent$1$1$configuration$1: loaded 2 times (x 75B)
Class org.jetbrains.kotlin.gradle.targets.js.npm.DefaultPeerNpmDependencyExtension$delegate$1: loaded 2 times (x 163B)
Class org.jetbrains.kotlin.gradle.targets.js.npm.NpmDependency                        : loaded 2 times (x 82B)
Class org.jetbrains.kotlin.gradle.targets.js.npm.DefaultNpmDependencyExtension        : loaded 2 times (x 148B)
Class org.jetbrains.kotlin.gradle.targets.js.npm.NpmDependency$Scope                  : loaded 2 times (x 75B)
Class org.jetbrains.kotlin.gradle.plugin.sources.FragmentConsistencyChecks$unstableFeaturesCheck$1: loaded 2 times (x 75B)
Class org.jetbrains.kotlin.gradle.plugin.sources.DefaultKotlinSourceSet               : loaded 2 times (x 135B)
Class org.jetbrains.kotlin.gradle.plugin.diagnostics.checkers.AndroidSourceSetLayoutV1SourceSetsNotFoundChecker: loaded 2 times (x 70B)
Class org.jetbrains.kotlin.gradle.plugin.diagnostics.KotlinToolingDiagnosticsCollector$Parameter_Decorated: loaded 2 times (x 126B)
Class org.jetbrains.kotlin.gradle.utils.ConfigurationsKt$sam$org_gradle_api_Action$0  : loaded 2 times (x 71B)
Class org.jetbrains.kotlin.gradle.plugin.diagnostics.ProblemsReporter                 : loaded 2 times (x 66B)
Class org.jetbrains.kotlin.gradle.plugin.VariantImplementationFactories$Parameters    : loaded 2 times (x 66B)
Class org.jetbrains.kotlin.gradle.plugin.internal.JavaExecTaskParametersCompatibility$Factory: loaded 2 times (x 66B)
Class com.google.common.primitives.IntsMethodsForWeb                                  : loaded 2 times (x 67B)
Class com.google.common.collect.Multimap                                              : loaded 2 times (x 66B)
Class org.gradle.api.internal.ClassPathRegistry                                       : loaded 2 times (x 66B)
Class org.gradle.internal.classpath.DefaultClassPath$ImmutableUniqueList              : loaded 2 times (x 195B)
Class org.jetbrains.kotlin.gradle.plugin.internal.state.TaskLoggers                   : loaded 2 times (x 67B)
Class org.jetbrains.kotlin.gradle.plugin.KotlinCompilation$DefaultImpls               : loaded 2 times (x 67B)
Class org.jetbrains.kotlin.gradle.utils.ProviderApiUtilsKt$providerWithLazyConvention$1: loaded 2 times (x 70B)
Class org.jetbrains.kotlin.gradle.plugin.sources.FragmentConsistencyChecks$unstableFeaturesCheck$2: loaded 2 times (x 74B)
Class org.jetbrains.kotlin.gradle.plugin.KotlinPluginLifecycleImpl                    : loaded 2 times (x 76B)
Class org.jetbrains.kotlin.gradle.plugin.diagnostics.KotlinToolingDiagnostics$WasmWasiEnvironmentNotChosenExplicitly: loaded 2 times (x 69B)
Class org.jetbrains.kotlin.gradle.artifacts.KotlinNativeKlibArtifactKt$KotlinNativeKlibArtifact$1: loaded 2 times (x 70B)
Class org.jetbrains.kotlin.gradle.dsl.KotlinCommonCompilerOptionsDefault              : loaded 2 times (x 90B)
Class org.jetbrains.kotlin.gradle.dsl.KotlinCommonCompilerToolOptionsDefault          : loaded 2 times (x 80B)
Class org.jetbrains.kotlin.konan.target.KonanTarget$Companion$predefinedTargets$2     : loaded 2 times (x 74B)
Class org.jetbrains.kotlin.gradle.plugin.diagnostics.DiagnosticGroup$Kgp              : loaded 2 times (x 78B)
Class org.jetbrains.kotlin.gradle.tasks.publishing.HelpersKt$addPomValidationHelpers$1: loaded 2 times (x 71B)
Class org.jetbrains.kotlin.gradle.internal.properties.NativePropertiesLoader$isUseXcodeMessageStyleEnabled$1: loaded 2 times (x 71B)
Class org.jetbrains.kotlin.gradle.internal.ClassLoadersCachingBuildService$Companion$registerIfAbsent$2$1: loaded 2 times (x 75B)
Class org.jetbrains.kotlin.gradle.plugin.statistics.KotlinBuildStatisticsUtilsKt$collectGeneralConfigurationTimeMetrics$statisticOverhead$1$2: loaded 2 times (x 71B)
Class org.jetbrains.kotlin.gradle.plugin.StatisticsBuildFlowManager_Decorated         : loaded 2 times (x 111B)
Class org.jetbrains.kotlin.gradle.report.BuildReportMode$Companion                    : loaded 2 times (x 67B)
Class org.jetbrains.kotlin.gradle.plugin.VariantImplementationFactories$VariantImplementationFactory: loaded 2 times (x 66B)
Class com.google.common.base.Equivalence$Identity                                     : loaded 2 times (x 78B)
Class org.jetbrains.kotlin.gradle.tasks.configuration.BaseKotlinCompileConfig$1$1$classpathEntrySnapshotFiles$1: loaded 2 times (x 70B)
Class org.jetbrains.kotlin.gradle.utils.GradleAttributesContainerUtilsKt              : loaded 2 times (x 67B)
Class org.jetbrains.kotlin.gradle.plugin.mpp.ApplyUserDefinedAttributesKt$UserDefinedAttributesSetupAction$1$1: loaded 2 times (x 75B)
Class org.jetbrains.kotlin.compilerRunner.CompilerSystemPropertiesService             : loaded 2 times (x 76B)
Class org.jetbrains.kotlin.gradle.plugin.mpp.compilationImpl.KotlinCompilationImpl$1  : loaded 2 times (x 75B)
Class org.jetbrains.kotlin.gradle.targets.js.npm.SemVer$Companion                     : loaded 2 times (x 67B)
Class org.jetbrains.kotlin.konan.target.KonanTarget$LINUX_ARM64                       : loaded 2 times (x 74B)
Class org.jetbrains.kotlin.gradle.targets.native.SetupEmbedAndSignAppleFrameworkTaskSideEffectKt$special$$inlined$KotlinTargetSideEffect$1: loaded 2 times (x 70B)
Class org.jetbrains.kotlin.gradle.plugin.mpp.KotlinUsages$KotlinCinteropCompatibility : loaded 2 times (x 73B)
Class org.jetbrains.kotlin.gradle.plugin.mpp.KotlinUsages$KotlinUsagesCompatibility   : loaded 2 times (x 72B)
Class org.jetbrains.kotlin.gradle.dsl.ExplicitApiMode                                 : loaded 2 times (x 75B)
Class org.jetbrains.kotlin.konan.target.KonanTarget$LINUX_X64                         : loaded 2 times (x 74B)
Class [Lorg.jetbrains.kotlin.konan.target.Architecture;                               : loaded 2 times (x 65B)
Class org.jetbrains.kotlin.gradle.tasks.publishing.HelpersKt$addSigningValidationHelpers$1: loaded 2 times (x 71B)
Class org.jetbrains.kotlin.gradle.plugin.VariantImplementationFactories$Companion     : loaded 2 times (x 67B)
Class org.jetbrains.kotlin.gradle.plugin.internal.CustomPropertiesFileValueSource$Parameters_Decorated: loaded 2 times (x 126B)
Class org.jetbrains.kotlin.gradle.dsl.KotlinTopLevelExtensionConfig                   : loaded 2 times (x 66B)
Class com.google.common.cache.CacheBuilder                                            : loaded 2 times (x 68B)
Class com.google.common.collect.SingletonImmutableList                                : loaded 2 times (x 203B)
Class Settings_gradle$1                                                               : loaded 2 times (x 70B)
Class org.gradle.internal.classpath.ClassPath                                         : loaded 2 times (x 66B)
Class org.jetbrains.kotlin.gradle.incremental.IncrementalModuleInfoProvider           : loaded 2 times (x 66B)
Class org.jetbrains.kotlin.gradle.plugin.mpp.compilationImpl.KotlinCompilationImpl$2  : loaded 2 times (x 75B)
Class com.google.common.base.JdkPattern                                               : loaded 2 times (x 71B)
Class org.jetbrains.kotlin.gradle.dsl.PlatformSourceSetConventionsChecker$runChecks$1 : loaded 2 times (x 84B)
Class org.jetbrains.kotlin.gradle.plugin.mpp.compilationImpl.KotlinCompilationProcessorSideEffectKt$KotlinCompilationProcessorSideEffect$1: loaded 2 times (x 70B)
Class org.jetbrains.kotlin.gradle.dsl.KotlinJvmCompilerOptionsDefault                 : loaded 2 times (x 102B)
Class org.jetbrains.kotlin.gradle.internal.UsesClassLoadersCachingBuildService        : loaded 2 times (x 66B)
Class com.google.common.collect.ImmutableList$ReverseImmutableList                    : loaded 2 times (x 205B)
Class org.jetbrains.kotlin.compilerRunner.KotlinCompilerArgumentsLogLevel$Companion   : loaded 2 times (x 67B)
Class org.jetbrains.kotlin.gradle.plugin.DefaultKotlinBasePlugin$addKotlinCompilerConfiguration$3$1: loaded 2 times (x 75B)
Class org.jetbrains.kotlin.gradle.tasks.AbstractKotlinCompile$defaultKotlinJavaToolchain$1: loaded 2 times (x 74B)
Class org.jetbrains.kotlin.daemon.common.MultiModuleICSettings                        : loaded 2 times (x 68B)
Class org.jetbrains.kotlin.cli.common.arguments.Freezable                             : loaded 2 times (x 68B)
Class com.google.errorprone.annotations.DoNotMock                                     : loaded 2 times (x 66B)
Class org.jetbrains.kotlin.gradle.plugin.KotlinCompilationInfoKt                      : loaded 2 times (x 67B)
Class org.jetbrains.kotlin.gradle.tasks.KotlinCompile                                 : loaded 2 times (x 500B)
Class org.jetbrains.kotlin.gradle.internal.StdlibDependencyManagementKt               : loaded 2 times (x 67B)
Class org.jetbrains.kotlin.gradle.dsl.PlatformSourceSetConventionsChecker$runChecks$2 : loaded 2 times (x 74B)
Class org.jetbrains.kotlin.gradle.utils.ObservableSet                                 : loaded 2 times (x 66B)
Class org.jetbrains.kotlin.gradle.plugin.mpp.HierarchyAttributeContainer              : loaded 2 times (x 80B)
Class org.jetbrains.kotlin.gradle.tasks.UsesKotlinJavaToolchain                       : loaded 2 times (x 66B)
Class org.jetbrains.kotlin.konan.target.KonanTarget$MINGW_X64                         : loaded 2 times (x 74B)
Class org.jetbrains.kotlin.gradle.plugin.diagnostics.KotlinToolingDiagnosticsCollectorKt: loaded 2 times (x 67B)
Class org.jetbrains.kotlin.gradle.plugin.DefaultKotlinBasePlugin$apply$1              : loaded 2 times (x 71B)
Class org.jetbrains.kotlin.statistics.metrics.StringOverridePolicy$OVERRIDE           : loaded 2 times (x 81B)
Class org.jetbrains.kotlin.gradle.internal.properties.PropertiesBuildService$Params_Decorated: loaded 2 times (x 126B)
Class org.objectweb.asm.SymbolTable$Entry                                             : loaded 2 times (x 70B)
Class com.google.gson.internal.JsonReaderInternalAccess                               : loaded 2 times (x 68B)
Class com.microsoft.gradle.api.GradleDependencyNode                                   : loaded 2 times (x 66B)
Class Native_plugin_loader_gradle                                                     : loaded 2 times (x 122B)
Class org.jetbrains.kotlin.statistics.metrics.IMetricContainer                        : loaded 2 times (x 66B)
Class org.jetbrains.kotlin.gradle.plugin.mpp.KotlinTargetComponentWithCoordinatesAndPublication: loaded 2 times (x 66B)
Class org.jetbrains.kotlin.gradle.incremental.UsesIncrementalModuleInfoBuildService   : loaded 2 times (x 66B)
Class org.jetbrains.kotlin.gradle.dsl.PlatformSourceSetConventionsChecker$runChecks$3 : loaded 2 times (x 74B)
Class org.jetbrains.kotlin.konan.target.KonanTarget$ANDROID_X86                       : loaded 2 times (x 74B)
Class org.jetbrains.kotlin.gradle.plugin.RegisterKotlinPluginExtensionsKt             : loaded 2 times (x 67B)
Class org.jetbrains.kotlin.gradle.utils.CompilerOptionsKt$configureExperimentalTryNext$1$1: loaded 2 times (x 74B)
Class org.jetbrains.kotlin.gradle.utils.CompilerOptionsKt                             : loaded 2 times (x 67B)
Class org.jetbrains.kotlin.gradle.plugin.PropertiesProvider$Companion                 : loaded 2 times (x 67B)
Class org.jetbrains.kotlin.gradle.utils.SingleAction                                  : loaded 2 times (x 69B)
Class org.objectweb.asm.Edge                                                          : loaded 2 times (x 68B)
Class com.google.common.base.Suppliers$SupplierOfInstance                             : loaded 2 times (x 75B)
Class com.google.common.collect.Iterators$1                                           : loaded 2 times (x 77B)
Class org.gradle.tooling.model.Model                                                  : loaded 2 times (x 66B)
Class org.jetbrains.kotlin.gradle.tasks.KotlinCompile$defaultKotlinJavaToolchain$1    : loaded 2 times (x 75B)
Class org.jetbrains.kotlin.gradle.tasks.KotlinJavaToolchain$JavaToolchainSetter       : loaded 2 times (x 66B)
Class org.jetbrains.kotlin.gradle.internal.utils.CollectionsKt                        : loaded 2 times (x 67B)
Class org.jetbrains.kotlin.gradle.plugin.diagnostics.KotlinToolingDiagnosticsSetupActionKt$KotlinToolingDiagnosticsSetupAction$1$2$diagnostics$1: loaded 2 times (x 71B)
Class org.jetbrains.kotlin.tooling.core.ExtrasPropertyKt$extrasLazyProperty$1         : loaded 2 times (x 90B)
Class org.jetbrains.kotlin.gradle.dsl.abi.AbiFilterSetSpec                            : loaded 2 times (x 66B)
Class org.jetbrains.kotlin.gradle.dsl.PlatformSourceSetConventionsChecker$runChecks$4 : loaded 2 times (x 74B)
Class org.jetbrains.kotlin.gradle.plugin.diagnostics.checkers.JsLikeEnvironmentChecker$runChecks$1: loaded 2 times (x 84B)
Class org.jetbrains.kotlin.gradle.plugin.diagnostics.UsesKotlinToolingDiagnostics     : loaded 2 times (x 66B)
Class org.jetbrains.kotlin.gradle.plugin.diagnostics.checkers.KonanHomeConflictDeclarationChecker: loaded 2 times (x 70B)
Class org.jetbrains.kotlin.gradle.plugin.diagnostics.KotlinToolingDiagnostics$WasmJsEnvironmentNotChosenExplicitly: loaded 2 times (x 69B)
Class org.jetbrains.kotlin.statistics.metrics.BooleanAnonymizationPolicy$SAFE         : loaded 2 times (x 81B)
Class com.google.common.cache.LocalCache$ComputingValueReference                      : loaded 2 times (x 92B)
Class com.google.common.collect.SingletonImmutableSet                                 : loaded 2 times (x 142B)
Class com.google.common.collect.ImmutableMap$IteratorBasedImmutableMap                : loaded 2 times (x 122B)
Class com.google.common.base.PairwiseEquivalence                                      : loaded 2 times (x 79B)
Class org.jetbrains.kotlin.gradle.plugin.mpp.compilationImpl.DefaultKotlinCompilationSourceSetsContainer: loaded 2 times (x 74B)
Class org.jetbrains.kotlin.konan.target.KonanTarget$TVOS_SIMULATOR_ARM64              : loaded 2 times (x 74B)
Class org.jetbrains.kotlin.gradle.plugin.KotlinPluginLifecycle$Stage$Companion        : loaded 2 times (x 67B)
Class org.jetbrains.kotlin.gradle.plugin.diagnostics.checkers.DeprecatedKotlinNativeTargetsChecker: loaded 2 times (x 70B)
Class org.jetbrains.kotlin.gradle.targets.jvm.KotlinJvmCompilationWireJavaSourcesSideEffectKt$KotlinJvmCompilationWireJavaSourcesSideEffect$1: loaded 2 times (x 70B)
Class org.jetbrains.kotlin.gradle.targets.native.ConfigureFrameworkExportSideEffectKt$special$$inlined$KotlinTargetSideEffect$1: loaded 2 times (x 70B)
Class org.jetbrains.kotlin.tooling.core.AbstractExtras                                : loaded 2 times (x 137B)
Class org.jetbrains.kotlin.konan.target.KonanTarget$Companion                         : loaded 2 times (x 67B)
Class org.jetbrains.kotlin.gradle.fus.BuildUidService$Companion$registerIfAbsent$1    : loaded 2 times (x 70B)
Class org.jetbrains.kotlin.gradle.internal.diagnostics.AgpCompatibilityCheck$AndroidGradlePluginVersionProvider: loaded 2 times (x 66B)
Class com.google.common.cache.LocalCache$Segment                                      : loaded 2 times (x 150B)
Class Native_plugin_loader_gradle$NativePluginLoader$Companion                        : loaded 2 times (x 67B)
Class org.jetbrains.kotlin.gradle.plugin.statistics.KotlinBuildStatsLoggerService$initSessionLogger$1: loaded 2 times (x 75B)
Class org.jetbrains.kotlin.build.report.metrics.BuildTimes                            : loaded 2 times (x 68B)
Class org.jetbrains.kotlin.gradle.tasks.KotlinCompile$ClasspathSnapshotProperties     : loaded 2 times (x 69B)
Class org.jetbrains.kotlin.gradle.internal.StdlibDependencyManagementKt$addStdlibDependency$1$1: loaded 2 times (x 75B)
Class org.jetbrains.kotlin.gradle.tasks.configuration.BaseKotlinCompileConfig$2$1     : loaded 2 times (x 71B)
Class org.jetbrains.kotlin.gradle.plugin.diagnostics.TransformActionUsingKotlinToolingDiagnostics: loaded 2 times (x 66B)
Class com.google.common.collect.SortedIterable                                        : loaded 2 times (x 66B)
Class org.jetbrains.kotlin.gradle.dsl.abi.AbiValidationVariantSpec$Companion          : loaded 2 times (x 67B)
Class org.jetbrains.kotlin.gradle.dsl.abi.AbiValidationVariantSpec                    : loaded 2 times (x 66B)
Class org.jetbrains.kotlin.gradle.dsl.PlatformSourceSetConventionsChecker$runChecks$6 : loaded 2 times (x 84B)
Class org.jetbrains.kotlin.gradle.plugin.sources.DefaultKotlinSourceSet_Decorated     : loaded 2 times (x 182B)
Class org.jetbrains.kotlin.gradle.plugin.mpp.KotlinCompilationsKt                     : loaded 2 times (x 67B)
Class org.jetbrains.kotlin.gradle.targets.native.KonanPropertiesBuildService$Companion: loaded 2 times (x 67B)
Class org.jetbrains.kotlin.statistics.metrics.StringOverridePolicy                    : loaded 2 times (x 81B)
Class org.jetbrains.kotlin.gradle.plugin.statistics.DefaultKotlinBuildStatsBeanService: loaded 2 times (x 88B)
Class org.jetbrains.kotlin.gradle.utils.GradleUtilsKt$registerClassLoaderScopedBuildService$1: loaded 2 times (x 70B)
Class org.jetbrains.kotlin.gradle.internal.diagnostics.AgpCompatibilityCheck$AndroidGradlePluginVersionProvider$Default: loaded 2 times (x 70B)
Class com.google.common.collect.AbstractListMultimap                                  : loaded 2 times (x 168B)
Class [Lorg.objectweb.asm.SymbolTable$Entry;                                          : loaded 2 times (x 65B)
Class com.google.common.cache.CacheLoader                                             : loaded 2 times (x 70B)
Class com.google.common.collect.Iterators$4                                           : loaded 2 times (x 78B)
Class com.google.common.collect.ImmutableBiMap                                        : loaded 2 times (x 139B)
Class com.microsoft.gradle.api.GradleTask                                             : loaded 2 times (x 66B)
Class org.gradle.internal.installation.GradleInstallation$1                           : loaded 2 times (x 71B)
Class org.gradle.api.internal.classpath.ModuleRegistry                                : loaded 2 times (x 66B)
Class org.jetbrains.kotlin.gradle.plugin.KotlinPluginLifecycle$ProjectConfigurationResult: loaded 2 times (x 67B)
Class org.jetbrains.kotlin.gradle.internal.KotlinDependenciesManagementKt$configureDefaultVersionsResolutionStrategy$1: loaded 2 times (x 71B)
Class org.jetbrains.kotlin.gradle.internal.StdlibDependencyManagementKt$configureStdlibDefaultDependency$1: loaded 2 times (x 75B)
Class org.jetbrains.kotlin.gradle.plugin.mpp.compilationImpl.KotlinCreateResourcesTaskSideEffectKt: loaded 2 times (x 67B)
Class org.jetbrains.kotlin.gradle.plugin.mpp.KotlinUsages                             : loaded 2 times (x 67B)
Class org.jetbrains.kotlin.gradle.utils.ConfigurationCacheOpaqueValue                 : loaded 2 times (x 68B)
Class org.jetbrains.kotlin.gradle.internal.properties.NativePropertiesLoader$Companion: loaded 2 times (x 67B)
Class org.jetbrains.kotlin.gradle.plugin.statistics.KotlinBuildStatsBeanService$Companion: loaded 2 times (x 67B)
Class org.jetbrains.kotlin.gradle.plugin.statistics.BuildFusService$Companion         : loaded 2 times (x 67B)
Class com.google.common.collect.ImmutableSet$JdkBackedSetBuilderImpl                  : loaded 2 times (x 72B)
Class com.google.common.util.concurrent.internal.InternalFutureFailureAccess          : loaded 2 times (x 68B)
Class com.google.common.collect.Iterators$5                                           : loaded 2 times (x 78B)
Class org.jetbrains.kotlin.statistics.metrics.NumberOverridePolicy$SUM$fromStringRepresentation$1: loaded 2 times (x 74B)
Class org.jetbrains.kotlin.gradle.plugin.HasCompilerOptions                           : loaded 2 times (x 66B)
Class org.jetbrains.kotlin.gradle.plugin.mpp.compilationImpl.DefaultKotlinCompilationFriendPathsResolver$FriendArtifactResolver: loaded 2 times (x 66B)
Class org.jetbrains.kotlin.gradle.dsl.abi.AbiFilterSetSpec_Decorated                  : loaded 2 times (x 129B)
Class org.jetbrains.kotlin.konan.target.KonanTarget$WATCHOS_SIMULATOR_ARM64           : loaded 2 times (x 74B)
Class org.jetbrains.kotlin.gradle.targets.js.ir.KotlinJsIrTarget                      : loaded 2 times (x 250B)
Class org.jetbrains.kotlin.gradle.plugin.mpp.DefaultKotlinUsageContext                : loaded 2 times (x 89B)
Class org.jetbrains.kotlin.gradle.plugin.KotlinPluginLifecycleImpl$start$3            : loaded 2 times (x 75B)
Class org.jetbrains.kotlin.gradle.dsl.KotlinJvmExtension                              : loaded 2 times (x 66B)
Class org.jetbrains.kotlin.gradle.plugin.KotlinMultiplatformPluginWrapper             : loaded 2 times (x 82B)
Class [Lorg.jetbrains.kotlin.statistics.metrics.BooleanMetrics;                       : loaded 2 times (x 65B)
Class org.jetbrains.kotlin.gradle.fus.internal.CiUtilKt                               : loaded 2 times (x 67B)
Class org.jetbrains.kotlin.gradle.internal.properties.PropertiesBuildService$Companion: loaded 2 times (x 67B)
Class com.google.common.cache.LocalCache$LocalManualCache$1                           : loaded 2 times (x 71B)
Class com.google.common.base.CharMatcher$ForPredicate                                 : loaded 2 times (x 108B)
Class org.jetbrains.kotlin.gradle.plugin.mpp.compilationImpl.KotlinCompilationConfigurationsContainer: loaded 2 times (x 66B)
Class org.jetbrains.kotlin.gradle.internal.StdlibDependencyManagementKt$addStdlibDependency$1: loaded 2 times (x 71B)
Class [Lorg.jetbrains.kotlin.gradle.plugin.KotlinPluginLifecycle$CoroutineStart;      : loaded 2 times (x 65B)
Class org.jetbrains.kotlin.gradle.dsl.IosSourceSetConventionChecker                   : loaded 2 times (x 70B)
Class org.jetbrains.kotlin.gradle.plugin.diagnostics.KotlinGradleProjectChecker       : loaded 2 times (x 66B)
Class org.jetbrains.kotlin.gradle.plugin.sources.KotlinSourceSetFactory$Companion     : loaded 2 times (x 67B)
Class org.jetbrains.kotlin.gradle.dsl.KotlinMultiplatformSourceSetConventions         : loaded 2 times (x 66B)
Class org.jetbrains.kotlin.statistics.metrics.NumberOverridePolicy$SUM                : loaded 2 times (x 81B)
Class com.google.common.base.CharMatcher$AnyOf                                        : loaded 2 times (x 108B)
Class com.google.common.collect.ImmutableCollection                                   : loaded 2 times (x 121B)
Class org.gradle.api.internal.classpath.DefaultModuleRegistry                         : loaded 2 times (x 82B)
Class org.jetbrains.kotlin.gradle.plugin.internal.state.TaskExecutionResults          : loaded 2 times (x 67B)
Class org.jetbrains.kotlin.compilerRunner.KotlinCompilerArgumentsLogLevel             : loaded 2 times (x 75B)
Class org.jetbrains.kotlin.gradle.plugin.mpp.compilationImpl.factory.CompositePostConfigure: loaded 2 times (x 71B)
Class org.jetbrains.kotlin.gradle.plugin.diagnostics.KotlinToolingDiagnosticsSetupActionKt$KotlinToolingDiagnosticsSetupAction$1$reporterProvider$1: loaded 2 times (x 70B)
Class org.jetbrains.kotlin.gradle.targets.native.internal.CInteropConfigurationsKt    : loaded 2 times (x 67B)
Class org.jetbrains.kotlin.gradle.plugin.statistics.BuildFusService$Parameters$Inject : loaded 2 times (x 108B)
Class org.jetbrains.kotlin.statistics.metrics.StatisticsValuesConsumer                : loaded 2 times (x 66B)
Class org.jetbrains.kotlin.gradle.plugin.AndroidGradlePluginVersion$Companion         : loaded 2 times (x 67B)
Class com.google.common.collect.Lists                                                 : loaded 2 times (x 67B)
Class com.google.common.util.concurrent.ListenableFuture                              : loaded 2 times (x 66B)
Class com.google.common.cache.ReferenceEntry                                          : loaded 2 times (x 66B)
Class com.google.common.base.Converter                                                : loaded 2 times (x 86B)
Class com.google.common.collect.ImmutableSet$CachingAsList                            : loaded 2 times (x 144B)
Class org.jetbrains.kotlin.gradle.fus.internal.SynchronizedConfigurationMetrics$Companion: loaded 2 times (x 67B)
Class org.jetbrains.kotlin.gradle.plugin.CompilerPluginConfig                         : loaded 2 times (x 68B)
Class org.jetbrains.kotlin.gradle.tasks.KotlinCompilerExecutionStrategy$Companion     : loaded 2 times (x 67B)
Class org.jetbrains.kotlin.gradle.plugin.diagnostics.KotlinToolingDiagnosticsSetupActionKt$KotlinToolingDiagnosticsSetupAction$1$reporterProvider$2: loaded 2 times (x 71B)
Class [Lorg.jetbrains.kotlin.tooling.core.HasMutableExtras;                           : loaded 2 times (x 65B)
Class org.jetbrains.kotlin.gradle.plugin.diagnostics.checkers.GradleDeprecatedPropertyChecker: loaded 2 times (x 70B)
Class org.jetbrains.kotlin.gradle.artifacts.KotlinJsKlibArtifactKt$KotlinJsKlibArtifact$1: loaded 2 times (x 70B)
Class org.jetbrains.kotlin.gradle.targets.CreateTargetConfigurationsSideEffectKt      : loaded 2 times (x 67B)
Class org.jetbrains.kotlin.gradle.plugin.mpp.ApplyUserDefinedAttributesKt$UserDefinedAttributesSetupAction$1: loaded 2 times (x 91B)
Class org.jetbrains.kotlin.gradle.plugin.mpp.KotlinAndroidTarget                      : loaded 2 times (x 155B)
Class org.jetbrains.kotlin.gradle.plugin.DefaultKotlinBasePlugin$addKotlinCompilerConfiguration$1: loaded 2 times (x 71B)
Class org.jetbrains.kotlin.gradle.plugin.statistics.NonSynchronizedMetricsContainer   : loaded 2 times (x 78B)
Class org.jetbrains.kotlin.gradle.plugin.internal.DefaultCompatibilityConventionRegistrar: loaded 2 times (x 70B)
Class org.jetbrains.kotlin.gradle.plugin.PropertiesProvider                           : loaded 2 times (x 69B)
Class com.google.common.collect.AbstractMapBasedMultimap                              : loaded 2 times (x 135B)
Class com.google.common.util.concurrent.AbstractFuture                                : loaded 2 times (x 102B)
Class com.google.common.base.FunctionalEquivalence                                    : loaded 2 times (x 79B)
Class com.google.gson.Strictness                                                      : loaded 2 times (x 75B)
Class com.google.common.collect.Iterators$9                                           : loaded 2 times (x 77B)
Class com.google.common.collect.ImmutableAsList                                       : loaded 2 times (x 205B)
Class [Lorg.jetbrains.kotlin.gradle.dsl.jvm.JvmTargetValidationMode;                  : loaded 2 times (x 65B)
Class org.jetbrains.kotlin.gradle.tasks.DefaultKotlinJavaToolchain$javaVersion$1      : loaded 2 times (x 70B)
Class org.jetbrains.kotlin.gradle.plugin.mpp.MppSourcesJarKt$sourcesJarTask$1         : loaded 2 times (x 91B)
Class org.jetbrains.kotlin.gradle.plugin.mpp.compilationImpl.factory.KotlinCompilationImplFactory$KotlinCompilationOutputFactory: loaded 2 times (x 66B)
Class org.jetbrains.kotlin.gradle.plugin.KotlinCompilationToRunnableFiles             : loaded 2 times (x 66B)
Class org.jetbrains.kotlin.gradle.tooling.BuildKotlinToolingMetadataTaskKt            : loaded 2 times (x 67B)
Class org.jetbrains.kotlin.gradle.plugin.ProjectLocalConfigurations$setupAttributesMatchingStrategy$1$1: loaded 2 times (x 70B)
Class org.jetbrains.kotlin.konan.target.TargetSupportException                        : loaded 2 times (x 78B)
Class org.jetbrains.kotlin.gradle.internal.IsInIdeaEnvironmentValueSource             : loaded 2 times (x 76B)
Class org.jetbrains.kotlin.gradle.targets.native.toolchain.KotlinNativeBundleBuildService$Companion$registerIfAbsent$2$1$1: loaded 2 times (x 71B)
Class org.jetbrains.kotlin.statistics.BuildSessionLogger$Companion                    : loaded 2 times (x 67B)
Class org.jetbrains.kotlin.gradle.plugin.diagnostics.ProblemsReporter$Factory         : loaded 2 times (x 66B)
Class org.objectweb.asm.RecordComponentVisitor                                        : loaded 2 times (x 73B)
Class com.google.common.cache.CacheLoader$SupplierToCacheLoader                       : loaded 2 times (x 71B)
Class org.jetbrains.kotlin.gradle.plugin.mpp.KotlinCompilationsKt$sam$java_util_concurrent_Callable$0: loaded 2 times (x 71B)
Class org.jetbrains.kotlin.gradle.tasks.KotlinCompilerPluginData                      : loaded 2 times (x 68B)
Class org.jetbrains.kotlin.gradle.targets.js.npm.SemverKt                             : loaded 2 times (x 67B)
Class org.jetbrains.kotlin.gradle.internal.StdlibDependencyManagementKt$isStdlibAddedByUser$1: loaded 2 times (x 75B)
Class org.jetbrains.kotlin.gradle.plugin.mpp.MppSourcesJarKt                          : loaded 2 times (x 67B)
Class org.jetbrains.kotlin.compilerRunner.CompilerSystemPropertiesService$Companion$registerIfAbsent$2$1$1: loaded 2 times (x 71B)
Class org.jetbrains.kotlin.gradle.plugin.KotlinCompilationInfo                        : loaded 2 times (x 84B)
Class org.jetbrains.kotlin.tooling.core.ExtrasPropertyKt                              : loaded 2 times (x 67B)
Class org.jetbrains.kotlin.gradle.tasks.BaseKotlinCompile                             : loaded 2 times (x 66B)
Class org.jetbrains.kotlin.gradle.plugin.internal.UsesBuildIdProviderService          : loaded 2 times (x 66B)
Class org.jetbrains.kotlin.gradle.plugin.mpp.compilationImpl.KotlinCompilationSourceSetInclusion$include$1: loaded 2 times (x 75B)
Class org.jetbrains.kotlin.gradle.plugin.mpp.compilationImpl.factory.KotlinCompilationImplFactory$KotlinCompilationDependencyConfigurationsFactory: loaded 2 times (x 66B)
Class org.jetbrains.kotlin.gradle.tasks.abi.KotlinLegacyAbiCheckTask                  : loaded 2 times (x 66B)
Class org.jetbrains.kotlin.gradle.plugin.KotlinPluginLifecycleCoroutineContextElement$Key: loaded 2 times (x 67B)
Class org.jetbrains.kotlin.gradle.plugin.diagnostics.KotlinToolingDiagnosticsSetupActionKt$KotlinToolingDiagnosticsSetupAction$1: loaded 2 times (x 70B)
Class org.jetbrains.kotlin.gradle.dsl.KotlinProjectExtensionKt                        : loaded 2 times (x 67B)
Class org.jetbrains.kotlin.gradle.internal.ClassLoadersCachingBuildService$Companion$registerIfAbsent$1: loaded 2 times (x 71B)
Class org.jetbrains.kotlin.gradle.plugin.UsesKotlinGradleBuildServices                : loaded 2 times (x 66B)
Class org.jetbrains.kotlin.gradle.plugin.KotlinGradleBuildServices$Parameters_Decorated: loaded 2 times (x 126B)
Class org.jetbrains.kotlin.gradle.plugin.DefaultKotlinBasePlugin$addKotlinCompilerConfiguration$3: loaded 2 times (x 71B)
Class [Lorg.jetbrains.kotlin.statistics.metrics.IMetricContainerFactory;              : loaded 2 times (x 65B)
Class org.jetbrains.kotlin.gradle.internal.IdeaKt                                     : loaded 2 times (x 67B)
Class org.gradle.internal.time.MonotonicClock                                         : loaded 2 times (x 73B)
Class org.gradle.internal.service.ServiceLookupException                              : loaded 2 times (x 78B)
Class org.jetbrains.kotlin.gradle.tasks.GradleCompileTaskProvider_Decorated           : loaded 2 times (x 113B)
Class org.jetbrains.kotlin.gradle.internal.StdlibDependencyManagementKt$isStdlibAddedByUser$2: loaded 2 times (x 74B)
Class org.jetbrains.kotlin.gradle.plugin.hierarchy.KotlinSourceSetTreeClassifierKt$sourceSetTreeClassifier$2: loaded 2 times (x 74B)
Class com.google.common.collect.ImmutableSortedSet                                    : loaded 2 times (x 296B)
Class org.jetbrains.kotlin.gradle.targets.js.npm.NpmDirectoryDependencyExtension      : loaded 2 times (x 66B)
Class org.jetbrains.kotlin.gradle.plugin.mpp.KotlinUsageContext$MavenScope            : loaded 2 times (x 75B)
Class org.jetbrains.kotlin.gradle.targets.native.KotilnNativeConfigureBinariesSideEffectKt$special$$inlined$KotlinTargetSideEffect$1: loaded 2 times (x 70B)
Class org.jetbrains.kotlin.gradle.plugin.KotlinProjectSetupAction$Companion           : loaded 2 times (x 67B)
Class org.jetbrains.kotlin.konan.target.HostManager                                   : loaded 2 times (x 68B)
Class [Lcom.google.common.cache.LocalCache$EntryFactory;                              : loaded 2 times (x 65B)
Class org.gradle.internal.classloader.ClassLoaderFactory                              : loaded 2 times (x 66B)
Class org.jetbrains.kotlin.gradle.tasks.DefaultKotlinJavaToolchain$currentJvmJdkToolsJar$1: loaded 2 times (x 70B)
Class org.jetbrains.kotlin.gradle.plugin.diagnostics.ProblemsReporterKt               : loaded 2 times (x 67B)
Class org.jetbrains.kotlin.gradle.plugin.SubpluginEnvironment                         : loaded 2 times (x 68B)
Class org.jetbrains.kotlin.gradle.internal.StdlibDependencyManagementKt$addStdlibDependency$1$1$1: loaded 2 times (x 71B)
Class com.google.common.base.CommonPattern                                            : loaded 2 times (x 70B)
Class org.jetbrains.kotlin.gradle.plugin.sources.AbstractKotlinSourceSet              : loaded 2 times (x 135B)
Class org.jetbrains.kotlin.gradle.tooling.BuildKotlinToolingMetadataTaskKt$RegisterBuildKotlinToolingMetadataTask$1: loaded 2 times (x 70B)
Class org.jetbrains.kotlin.gradle.plugin.diagnostics.IsAttachedToTerminalValueSource$Inject: loaded 2 times (x 96B)
Class org.jetbrains.kotlin.compilerRunner.GradleCliCommonizerKt$maybeCreateCommonizerClasspathConfiguration$1$1: loaded 2 times (x 71B)
Class [Lorg.jetbrains.kotlin.build.report.metrics.ValueType;                          : loaded 2 times (x 65B)
Class org.jetbrains.kotlin.gradle.internal.diagnostics.AgpCompatibilityCheck          : loaded 2 times (x 67B)
Class com.google.common.cache.LocalCache$LocalManualCache                             : loaded 2 times (x 95B)
Class com.google.common.base.CharMatcher$IsNot                                        : loaded 2 times (x 107B)
Class org.gradle.internal.service.CachingServiceLocator                               : loaded 2 times (x 78B)
Class build_a3uzkszmpksn5hiclg5cgx7ow$_run_closure1                                   : loaded 2 times (x 135B)
Class org.jetbrains.kotlin.gradle.plugin.PropertiesProvider$booleanPropertyWithValueReporting$1: loaded 2 times (x 74B)
Class org.jetbrains.kotlin.gradle.dsl.jvm.JvmTargetValidationMode                     : loaded 2 times (x 75B)
Class org.jetbrains.kotlin.gradle.plugin.KotlinTargetConfiguratorKt$WhenMappings      : loaded 2 times (x 67B)
Class com.google.common.collect.AbstractMapBasedMultimap$KeySet                       : loaded 2 times (x 133B)
Class com.google.common.collect.RegularImmutableSortedSet                             : loaded 2 times (x 296B)
Class org.jetbrains.kotlin.gradle.plugin.diagnostics.checkers.OverriddenKotlinNativeHomeChecker$StdlibExistenceCheckerValueSource$Params_Decorated: loaded 2 times (x 126B)
Class org.jetbrains.kotlin.project.model.LanguageSettings                             : loaded 2 times (x 66B)
Class org.jetbrains.kotlin.gradle.plugin.KotlinPluginLifecycleKt$kotlinPluginLifecycle$2: loaded 2 times (x 74B)
Class org.jetbrains.kotlin.gradle.targets.native.KonanPropertiesBuildService$Parameters: loaded 2 times (x 66B)
Class org.jetbrains.kotlin.gradle.plugin.statistics.BuildFusService$Companion$registerIfAbsent$1$1: loaded 2 times (x 75B)
Class org.jetbrains.kotlin.gradle.plugin.internal.CompatibilityConventionRegistrar$Factory: loaded 2 times (x 66B)
Class com.google.common.math.IntMath                                                  : loaded 2 times (x 67B)
Class org.jetbrains.kotlin.gradle.tasks.configuration.BaseKotlinCompileConfig$1$jvmToolchain$1: loaded 2 times (x 70B)
Class org.jetbrains.kotlin.gradle.plugin.mpp.InternalKotlinCompilation$DefaultImpls   : loaded 2 times (x 67B)
Class org.jetbrains.kotlin.gradle.plugin.mpp.compilationImpl.KotlinCompilationSourceSetInclusion$DefaultAddSourcesToCompileTask: loaded 2 times (x 70B)
Class org.jetbrains.kotlin.gradle.internal.KotlinTestDependencyManagementKt$configureKotlinTestDependency$2: loaded 2 times (x 75B)
Class org.jetbrains.kotlin.gradle.dsl.PlatformSourceSetConventionsChecker$runChecks$$inlined$CheckedPlatformInfo$default$1: loaded 2 times (x 74B)
Class [Lorg.jetbrains.kotlin.gradle.plugin.KotlinPluginLifecycle$Stage;               : loaded 2 times (x 65B)
Class org.jetbrains.kotlin.gradle.artifacts.KotlinTargetArtifact$Companion            : loaded 2 times (x 67B)
Class org.jetbrains.kotlin.gradle.plugin.mpp.compilationImpl.KotlinCreateLifecycleTasksSideEffectKt$KotlinCreateLifecycleTasksSideEffect$1: loaded 2 times (x 70B)
Class org.jetbrains.kotlin.gradle.dsl.KotlinGradlePluginDsl                           : loaded 2 times (x 66B)
Class org.jetbrains.kotlin.tooling.core.MutableExtras                                 : loaded 2 times (x 66B)
Class org.jetbrains.kotlin.gradle.plugin.KotlinGradleBuildServices$detectKotlinPluginLoadedInMultipleProjects$onRegister$1: loaded 2 times (x 75B)
Class org.jetbrains.kotlin.gradle.plugin.BuildFinishAndConfigurationTimeMetricsFlowAction$Parameters_Decorated: loaded 2 times (x 132B)
Class org.jetbrains.kotlin.gradle.plugin.BuildFinishAndConfigurationTimeMetricsFlowAction$Parameters: loaded 2 times (x 66B)
Class org.objectweb.asm.commons.InstructionAdapter                                    : loaded 2 times (x 184B)
Class com.google.common.collect.ImmutableMapEntry                                     : loaded 2 times (x 81B)
Class org.gradle.internal.time.TimeSource                                             : loaded 2 times (x 66B)
Class org.jetbrains.kotlin.gradle.plugin.diagnostics.CheckKotlinGradlePluginConfigurationErrorsKt$locateOrRegisterCheckKotlinGradlePluginErrorsTask$taskProvider$1$2: loaded 2 times (x 71B)
Class org.jetbrains.kotlin.gradle.tasks.CompileUsingKotlinDaemon                      : loaded 2 times (x 66B)
Class org.jetbrains.kotlin.gradle.plugin.mpp.KotlinWithJavaTarget                     : loaded 2 times (x 156B)
Class org.jetbrains.kotlin.gradle.utils.StoredPropertyKt$extrasStoredProperty$1       : loaded 2 times (x 74B)
Class org.jetbrains.kotlin.gradle.plugin.mpp.compilationImpl.KotlinCreateNativeCompileTasksSideEffectKt$special$$inlined$KotlinCompilationSideEffect$1: loaded 2 times (x 70B)
Class org.jetbrains.kotlin.gradle.targets.KotlinTargetSideEffect$Companion            : loaded 2 times (x 67B)
Class org.jetbrains.kotlin.gradle.dsl.KotlinSingleJavaTargetExtension                 : loaded 2 times (x 120B)
Class org.jetbrains.kotlin.gradle.plugin.KotlinPluginLifecycle$IllegalLifecycleException: loaded 2 times (x 78B)
Class org.jetbrains.kotlin.gradle.internal.properties.NativePropertiesLoader$userProvidedNativeHome$1: loaded 2 times (x 71B)
Class org.jetbrains.kotlin.gradle.plugin.KotlinGradleFinishBuildHandler               : loaded 2 times (x 68B)
Class org.jetbrains.kotlin.statistics.metrics.StringOverridePolicy$CONCAT             : loaded 2 times (x 81B)
Class org.jetbrains.kotlin.gradle.dsl.KotlinTopLevelExtension                         : loaded 2 times (x 66B)
Class com.google.common.base.Equivalence                                              : loaded 2 times (x 78B)
Class com.google.common.base.Function                                                 : loaded 2 times (x 66B)
Class com.google.common.collect.ImmutableMapEntry$NonTerminalImmutableMapEntry        : loaded 2 times (x 81B)
Class org.gradle.tooling.internal.gradle.GradleBuildIdentity                          : loaded 2 times (x 66B)
Class org.jetbrains.kotlin.gradle.plugin.diagnostics.CheckKotlinGradlePluginConfigurationErrorsKt$locateOrRegisterCheckKotlinGradlePluginErrorsTask$taskProvider$1$3: loaded 2 times (x 71B)
Class org.jetbrains.kotlin.gradle.plugin.ProjectLocalConfigurationsKt                 : loaded 2 times (x 67B)
Class org.jetbrains.kotlin.gradle.plugin.mpp.compilationImpl.factory.KotlinCompilationImplFactory: loaded 2 times (x 68B)
Class org.jetbrains.kotlin.gradle.internal.KotlinDomApiDependencyManagementKt$addKotlinDomApiDependency$1: loaded 2 times (x 71B)
Class org.jetbrains.kotlin.gradle.plugin.diagnostics.checkers.KotlinTargetAlreadyDeclaredChecker$runChecks$1: loaded 2 times (x 84B)
Class org.jetbrains.kotlin.gradle.plugin.mpp.KotlinTargetWithBinaries                 : loaded 2 times (x 153B)
Class [Lorg.jetbrains.kotlin.gradle.plugin.KotlinSourceSet;                           : loaded 2 times (x 65B)
Class org.jetbrains.kotlin.gradle.plugin.diagnostics.checkers.JsEnvironmentChecker$1  : loaded 2 times (x 74B)
Class org.jetbrains.kotlin.gradle.plugin.diagnostics.KotlinToolingDiagnostics$JsLikeEnvironmentNotChosenExplicitly: loaded 2 times (x 69B)
Class org.jetbrains.kotlin.gradle.utils.StoredLazyProperty$getValue$1                 : loaded 2 times (x 75B)
Class org.jetbrains.kotlin.statistics.metrics.IMetricContainerFactory                 : loaded 2 times (x 66B)
Class org.jetbrains.kotlin.statistics.MetricValueValidationFailed                     : loaded 2 times (x 78B)
Class org.jetbrains.kotlin.gradle.plugin.PropertiesProvider$localProperties$2         : loaded 2 times (x 75B)
Class com.google.common.cache.CacheBuilder$OneWeigher                                 : loaded 2 times (x 78B)
Class com.google.common.collect.RegularImmutableList                                  : loaded 2 times (x 209B)
Class org.gradle.internal.exceptions.ResolutionProvider                               : loaded 2 times (x 66B)
Class org.jetbrains.kotlin.gradle.plugin.KotlinGradleBuildServices$Inject             : loaded 2 times (x 96B)
Class org.jetbrains.kotlin.build.report.metrics.BuildMetricsReporterImpl              : loaded 2 times (x 94B)
Class org.jetbrains.kotlin.gradle.plugin.diagnostics.CheckKotlinGradlePluginConfigurationErrorsKt$locateOrRegisterCheckKotlinGradlePluginErrorsTask$taskProvider$1$4: loaded 2 times (x 70B)
Class org.jetbrains.kotlin.gradle.tasks.configuration.KaptGenerateStubsConfig         : loaded 2 times (x 68B)
Class org.jetbrains.kotlin.gradle.targets.js.npm.SemVer                               : loaded 2 times (x 71B)
Class org.jetbrains.kotlin.gradle.internal.properties.NativePropertiesLoader$konanDataDirProperty$1$1: loaded 2 times (x 70B)
Class org.jetbrains.kotlin.gradle.plugin.diagnostics.checkers.JsEnvironmentChecker$2  : loaded 2 times (x 74B)
Class org.jetbrains.kotlin.gradle.utils.WhenPluginEnabledKt$whenPluginsEnabled$1      : loaded 2 times (x 71B)
Class org.jetbrains.kotlin.gradle.tasks.AbstractKotlinCompileTool                     : loaded 2 times (x 360B)
Class org.jetbrains.kotlin.gradle.internal.report.BuildScanApi                        : loaded 2 times (x 66B)
Class org.jetbrains.kotlin.gradle.plugin.statistics.FlowActionBuildFusService$Companion$registerIfAbsentImpl$1$1: loaded 2 times (x 70B)
Class [Lorg.jetbrains.kotlin.gradle.report.BuildReportType;                           : loaded 2 times (x 65B)
Class org.jetbrains.kotlin.gradle.plugin.statistics.KotlinBuildStatsConfiguration     : loaded 2 times (x 68B)
Class org.jetbrains.kotlin.gradle.internal.properties.PropertiesBuildService$localProperties$2: loaded 2 times (x 75B)
Class org.gradle.tooling.model.ProjectIdentifier                                      : loaded 2 times (x 66B)
Class org.gradle.internal.classloader.ClasspathUtil                                   : loaded 2 times (x 67B)
Class org.jetbrains.kotlin.gradle.plugin.diagnostics.CheckKotlinGradlePluginConfigurationErrorsKt$locateOrRegisterCheckKotlinGradlePluginErrorsTask$taskProvider$1$5: loaded 2 times (x 70B)
Class org.jetbrains.kotlin.gradle.dsl.KotlinCompile                                   : loaded 2 times (x 66B)
Class org.jetbrains.kotlin.gradle.plugin.mpp.compilationImpl.DefaultKotlinCompilationFriendPathsResolver$DefaultFriendArtifactResolver: loaded 2 times (x 70B)
Class org.jetbrains.kotlin.gradle.plugin.diagnostics.checkers.InternalGradlePropertiesUsageChecker$runChecks$1: loaded 2 times (x 84B)
Class org.jetbrains.kotlin.gradle.utils.StringUtilsKt$lowerCamelCaseName$1            : loaded 2 times (x 121B)
Class org.jetbrains.kotlin.gradle.plugin.diagnostics.checkers.JsEnvironmentChecker$3  : loaded 2 times (x 74B)
Class org.jetbrains.kotlin.gradle.dsl.JvmTarget$Companion                             : loaded 2 times (x 67B)
Class org.jetbrains.kotlin.gradle.internal.properties.NativePropertiesLoader$downloadFromMaven$1: loaded 2 times (x 71B)
Class org.jetbrains.kotlin.gradle.plugin.statistics.BuildFinishBuildService$Inject    : loaded 2 times (x 100B)
Class org.jetbrains.kotlin.gradle.plugin.internal.DefaultConfigurationCacheStartParameterAccessor_Decorated: loaded 2 times (x 117B)
Class org.jetbrains.kotlin.gradle.plugin.internal.DefaultConfigurationCacheStartParameterAccessor: loaded 2 times (x 73B)
Class org.jetbrains.kotlin.tooling.core.HasExtras                                     : loaded 2 times (x 66B)
Class com.google.common.util.concurrent.Uninterruptibles                              : loaded 2 times (x 67B)
Class org.jetbrains.kotlin.gradle.fus.internal.SynchronizedConfigurationMetrics$add$1 : loaded 2 times (x 75B)
Class org.jetbrains.kotlin.gradle.plugin.sources.DefaultLanguageSettingsBuilder$freeCompilerArgsProvider$1: loaded 2 times (x 91B)
Class org.jetbrains.kotlin.gradle.targets.js.npm.DevNpmDependencyExtension            : loaded 2 times (x 66B)
Class org.jetbrains.kotlin.gradle.plugin.diagnostics.checkers.PreHmppDependenciesUsageChecker: loaded 2 times (x 70B)
Class org.jetbrains.kotlin.gradle.targets.CreateArtifactsSideEffectKt                 : loaded 2 times (x 67B)
Class org.jetbrains.kotlin.gradle.plugin.AbstractKotlinMultiplatformPluginWrapper     : loaded 2 times (x 82B)
Class org.jetbrains.kotlin.konan.target.HostManager$Companion                         : loaded 2 times (x 67B)
Class org.jetbrains.kotlin.gradle.utils.GradleConfigurationUtilsKt$addGradlePluginMetadataAttributes$1: loaded 2 times (x 71B)
Class org.jetbrains.kotlin.gradle.plugin.internal.DefaultProjectIsolationStartParameterAccessor: loaded 2 times (x 73B)
Class org.jetbrains.kotlin.gradle.dsl.KotlinAndroidExtension                          : loaded 2 times (x 66B)
Class com.google.common.util.concurrent.LazyLogger                                    : loaded 2 times (x 68B)
Class com.google.common.collect.Maps                                                  : loaded 2 times (x 67B)
Class org.gradle.internal.time.TimeSource$1                                           : loaded 2 times (x 73B)
Class org.gradle.api.specs.Spec                                                       : loaded 2 times (x 66B)
Class build_a3uzkszmpksn5hiclg5cgx7ow                                                 : loaded 2 times (x 168B)
Class org.jetbrains.kotlin.gradle.tasks.GradleCompileTaskProviderKt                   : loaded 2 times (x 67B)
Class org.jetbrains.kotlin.gradle.plugin.SubpluginEnvironment$Companion               : loaded 2 times (x 67B)
Class org.jetbrains.kotlin.gradle.plugin.mpp.ApplyUserDefinedAttributesKt$UserDefinedAttributesSetupAction$1$1$3: loaded 2 times (x 71B)
Class org.jetbrains.kotlin.gradle.tasks.configuration.BaseKotlinCompileConfig$Companion: loaded 2 times (x 67B)
Class org.jetbrains.kotlin.gradle.plugin.mpp.compilationImpl.KotlinCompilationImpl$Params: loaded 2 times (x 68B)
Class org.jetbrains.kotlin.gradle.tooling.BuildKotlinToolingMetadataTask              : loaded 2 times (x 310B)
Class org.jetbrains.kotlin.gradle.plugin.internal.CompatibilityConventionRegistrarKt  : loaded 2 times (x 67B)
Class org.jetbrains.kotlin.konan.target.UtilsKt                                       : loaded 2 times (x 67B)
Class org.jetbrains.kotlin.gradle.artifacts.KotlinJvmJarArtifactKt                    : loaded 2 times (x 67B)
Class org.jetbrains.kotlin.gradle.plugin.mpp.compilationImpl.CreateCInteropTasksSideEffectKt$special$$inlined$KotlinCompilationSideEffect$1: loaded 2 times (x 70B)
Class org.jetbrains.kotlin.gradle.plugin.statistics.FinalizeConfigurationFusMetricActionKt: loaded 2 times (x 67B)
Class org.jetbrains.kotlin.gradle.targets.native.toolchain.KotlinNativeBundleBuildService$Companion$registerIfAbsent$2$1: loaded 2 times (x 75B)
Class org.jetbrains.kotlin.gradle.plugin.statistics.KotlinBuildStatsBeanService       : loaded 2 times (x 83B)
Class org.jetbrains.kotlin.gradle.plugin.internal.MavenPublicationComponentAccessor$Factory: loaded 2 times (x 66B)
Class [Lcom.google.common.collect.ImmutableEntry;                                     : loaded 2 times (x 65B)
Class org.jetbrains.kotlin.gradle.plugin.statistics.DaemonReuseCounter                : loaded 2 times (x 72B)
Class org.jetbrains.kotlin.gradle.tasks.configuration.AbstractKotlinCompileConfig$1$1 : loaded 2 times (x 70B)
Class org.jetbrains.kotlin.gradle.tasks.KotlinCompile$kotlinOptions$1                 : loaded 2 times (x 75B)
Class org.jetbrains.kotlin.tooling.core.ExtrasLazyProperty                            : loaded 2 times (x 66B)
Class org.jetbrains.kotlin.gradle.internal.properties.NativeProperties$Companion      : loaded 2 times (x 67B)
Class org.jetbrains.kotlin.gradle.utils.StringUtilsKt                                 : loaded 2 times (x 67B)
Class org.jetbrains.kotlin.gradle.targets.ConfigureBuildSideEffectKt$ConfigureBuildSideEffect$1: loaded 2 times (x 70B)
Class org.jetbrains.kotlin.gradle.utils.CompletableFuture                             : loaded 2 times (x 66B)
Class org.jetbrains.kotlin.gradle.plugin.diagnostics.DiagnosticGroup$Kgp$Misconfiguration: loaded 2 times (x 78B)
Class org.jetbrains.kotlin.build.report.metrics.BuildPerformanceMetric                : loaded 2 times (x 68B)
Class [Lorg.jetbrains.kotlin.statistics.metrics.StringOverridePolicy;                 : loaded 2 times (x 65B)
Class org.jetbrains.kotlin.gradle.plugin.internal.JavaExecTaskParametersCompatibility : loaded 2 times (x 66B)
Class com.google.common.cache.LocalCache$LoadingValueReference                        : loaded 2 times (x 92B)
Class org.jetbrains.kotlin.gradle.internal.ClassLoadersCachingBuildService$Companion$registerIfAbsent$2$1$1: loaded 2 times (x 71B)
Class org.jetbrains.kotlin.gradle.tasks.configuration.AbstractKotlinCompileConfig$getClasspathSnapshotDir$1: loaded 2 times (x 70B)
Class org.jetbrains.kotlin.gradle.tasks.configuration.AbstractKotlinCompileConfig$1$2 : loaded 2 times (x 70B)
Class org.jetbrains.kotlin.gradle.plugin.statistics.ConfigurationMetricsBuildFusParameters: loaded 2 times (x 66B)
Class org.jetbrains.kotlin.gradle.tasks.configuration.AbstractKotlinCompileConfigKt$explicitApiMode$1: loaded 2 times (x 71B)
Class com.google.common.base.Platform                                                 : loaded 2 times (x 67B)
Class org.jetbrains.kotlin.gradle.plugin.diagnostics.checkers.OverriddenKotlinNativeHomeChecker$StdlibExistenceCheckerValueSource$Params$Inject: loaded 2 times (x 102B)
Class org.jetbrains.kotlin.gradle.plugin.diagnostics.checkers.CommonMainOrTestWithDependsOnChecker: loaded 2 times (x 70B)
Class org.jetbrains.kotlin.gradle.artifacts.KotlinNativeHostSpecificMetadataArtifactKt: loaded 2 times (x 67B)
Class org.jetbrains.kotlin.gradle.plugin.mpp.compilationImpl.KotlinCreateLifecycleTasksSideEffectKt: loaded 2 times (x 67B)
Class org.jetbrains.kotlin.gradle.plugin.KotlinTarget                                 : loaded 2 times (x 66B)
Class org.jetbrains.kotlin.gradle.utils.ConfigurationsKt$createResolvable$1           : loaded 2 times (x 74B)
Class [Lorg.jetbrains.kotlin.statistics.metrics.BooleanAnonymizationPolicy;           : loaded 2 times (x 65B)
Class com.microsoft.gradle.api.GradleField                                            : loaded 2 times (x 66B)
Class org.gradle.internal.time.Clock                                                  : loaded 2 times (x 66B)
Class org.jetbrains.kotlin.gradle.targets.native.KonanPropertiesBuildService$Companion$registerIfAbsent$1: loaded 2 times (x 71B)
Class [Lorg.jetbrains.kotlin.build.report.metrics.BuildAttributeKind;                 : loaded 2 times (x 65B)
Class org.jetbrains.kotlin.gradle.tasks.K2MultiplatformStructure                      : loaded 2 times (x 70B)
Class org.jetbrains.kotlin.gradle.internal.KotlinDependenciesManagementKt$allNonProjectDependencies$1: loaded 2 times (x 70B)
Class org.jetbrains.kotlin.compilerRunner.CompilerSystemPropertiesService$Parameters  : loaded 2 times (x 66B)
Class org.jetbrains.kotlin.gradle.plugin.mpp.compilationImpl.KotlinCompilationSourceSetsContainer: loaded 2 times (x 66B)
Class org.jetbrains.kotlin.gradle.artifacts.KotlinNativeKlibArtifactKt                : loaded 2 times (x 67B)
Class org.jetbrains.kotlin.gradle.plugin.ProjectLocalConfigurations                   : loaded 2 times (x 67B)
Class org.jetbrains.kotlin.gradle.plugin.mpp.KotlinUsages$KotlinUsagesDisambiguation  : loaded 2 times (x 72B)
Class org.jetbrains.kotlin.gradle.plugin.diagnostics.KotlinToolingDiagnosticsCollector$Parameter: loaded 2 times (x 66B)
Class org.jetbrains.kotlin.gradle.plugin.diagnostics.KotlinToolingDiagnosticsCollectorKt$kotlinToolingDiagnosticsCollectorProvider$1: loaded 2 times (x 71B)
Class org.jetbrains.kotlin.tooling.core.Extras$Key$Companion                          : loaded 2 times (x 67B)
Class org.jetbrains.kotlin.tooling.core.Extras$Key                                    : loaded 2 times (x 68B)
Class [Lorg.objectweb.asm.AnnotationWriter;                                           : loaded 2 times (x 65B)
Class com.google.common.collect.Maps$8                                                : loaded 2 times (x 78B)
Class com.microsoft.gradle.api.GradleClosure                                          : loaded 2 times (x 66B)
Class org.jetbrains.kotlin.gradle.plugin.diagnostics.checkers.AndroidPublicationNotConfiguredChecker: loaded 2 times (x 70B)
Class com.google.common.collect.ImmutableRangeSet$Builder                             : loaded 2 times (x 73B)
Class [Lcom.google.common.collect.Iterators$EmptyModifiableIterator;                  : loaded 2 times (x 65B)
Class org.jetbrains.kotlin.gradle.plugin.diagnostics.CheckKotlinGradlePluginConfigurationErrors: loaded 2 times (x 312B)
Class org.jetbrains.kotlin.gradle.plugin.sources.DefaultKotlinSourceSetKt             : loaded 2 times (x 67B)
Class org.jetbrains.kotlin.gradle.dsl.KotlinJvmOptions                                : loaded 2 times (x 66B)
Class org.jetbrains.kotlin.gradle.plugin.mpp.HierarchyAttributeContainer$1            : loaded 2 times (x 74B)
Class org.jetbrains.kotlin.gradle.plugin.KotlinPluginLifecycle                        : loaded 2 times (x 66B)
Class org.jetbrains.kotlin.gradle.plugin.KotlinJsPluginWrapper                        : loaded 2 times (x 82B)
Class org.jetbrains.kotlin.gradle.dsl.ToolchainSupport                                : loaded 2 times (x 66B)
Class org.jetbrains.kotlin.tooling.core.Extras                                        : loaded 2 times (x 66B)
Class org.jetbrains.kotlin.gradle.plugin.mpp.InternalKotlinTarget                     : loaded 2 times (x 66B)
Class org.jetbrains.kotlin.statistics.metrics.NumberAnonymizationPolicy$RANDOM_10_PERCENT: loaded 2 times (x 81B)
Class org.jetbrains.kotlin.statistics.metrics.StringMetrics                           : loaded 2 times (x 76B)
Class com.google.common.collect.Sets$SetView                                          : loaded 2 times (x 134B)
Class com.google.common.cache.LocalCache$StrongValueReference                         : loaded 2 times (x 86B)
Class org.jetbrains.kotlin.gradle.plugin.mpp.KotlinTargetSoftwareComponentImpl        : loaded 2 times (x 86B)
Class org.jetbrains.kotlin.gradle.plugin.mpp.DefaultKotlinUsageContext$PublishOnlyIf  : loaded 2 times (x 66B)
Class [Lcom.google.gson.stream.JsonToken;                                             : loaded 2 times (x 65B)
Class org.jetbrains.kotlin.gradle.dsl.KotlinCommonCompilerOptionsHelper               : loaded 2 times (x 67B)
Class org.jetbrains.kotlin.gradle.plugin.KotlinJvmPlugin$Companion                    : loaded 2 times (x 67B)
Class org.jetbrains.kotlin.gradle.artifacts.KotlinMetadataArtifactKt                  : loaded 2 times (x 67B)
Class org.jetbrains.kotlin.gradle.targets.CreateArtifactsSideEffectKt$CreateArtifactsSideEffect$1: loaded 2 times (x 70B)
Class org.jetbrains.kotlin.gradle.plugin.diagnostics.KotlinToolingDiagnostics         : loaded 2 times (x 67B)
Class org.jetbrains.kotlin.gradle.internal.properties.PropertiesBuildService$property$1$valueFromGradleAndLocalProperties$1: loaded 2 times (x 71B)
Class org.jetbrains.kotlin.gradle.plugin.KotlinPluginWrapperKt$kotlinToolingVersion$2 : loaded 2 times (x 74B)
Class org.objectweb.asm.Type                                                          : loaded 2 times (x 68B)
Class org.gradle.internal.classloader.VisitableURLClassLoader$InstrumentingVisitableURLClassLoader: loaded 2 times (x 119B)
Class build_creuvvl54ynr0p4h18k914mft                                                 : loaded 2 times (x 168B)
Class org.jetbrains.kotlin.gradle.tasks.FailedCompilationException                    : loaded 2 times (x 78B)
Class org.jetbrains.kotlin.gradle.plugin.mpp.DefaultKotlinUsageContext$1              : loaded 2 times (x 70B)
Class [Lorg.jetbrains.kotlin.gradle.tasks.KotlinCompilerExecutionStrategy;            : loaded 2 times (x 65B)
Class org.jetbrains.kotlin.gradle.plugin.mpp.compilationImpl.KotlinCompilationImpl$associateWith$2: loaded 2 times (x 75B)
Class org.jetbrains.kotlin.gradle.plugin.hierarchy.KotlinSourceSetTreeClassifier      : loaded 2 times (x 66B)
Class org.jetbrains.kotlin.gradle.plugin.mpp.compilationImpl.KotlinCompilationAssociator: loaded 2 times (x 66B)
Class org.jetbrains.kotlin.gradle.utils.WhenEvaluatedKt$whenEvaluated$afterAndroidDispatchQueue$1$1$1: loaded 2 times (x 71B)
Class org.jetbrains.kotlin.gradle.plugin.mpp.KotlinNativeTarget                       : loaded 2 times (x 163B)
Class org.jetbrains.kotlin.gradle.plugin.diagnostics.checkers.KotlinSourceSetTreeDependsOnMismatchChecker$runChecks$1: loaded 2 times (x 84B)
Class org.jetbrains.kotlin.gradle.plugin.diagnostics.checkers.PreHmppDependenciesUsageChecker$runChecks$1: loaded 2 times (x 84B)
Class org.jetbrains.kotlin.gradle.utils.ProjectExtensionsKt                           : loaded 2 times (x 67B)
Class org.jetbrains.kotlin.gradle.plugin.KotlinSourceSetTree$Companion                : loaded 2 times (x 67B)
Class org.jetbrains.kotlin.konan.target.UtilsKt$evaluatePresetName$1                  : loaded 2 times (x 74B)
Class org.jetbrains.kotlin.gradle.plugin.diagnostics.KotlinGradleProjectChecker$Companion: loaded 2 times (x 67B)
Class org.jetbrains.kotlin.gradle.plugin.KotlinGradleBuildServices$Parameters         : loaded 2 times (x 66B)
Class org.jetbrains.kotlin.gradle.plugin.statistics.BuildFusService$Companion$registerIfAbsent$1$1$1: loaded 2 times (x 71B)
Class org.jetbrains.kotlin.statistics.fileloggers.MetricsContainer$Companion          : loaded 2 times (x 67B)
Class com.google.common.math.IntMath$1                                                : loaded 2 times (x 67B)
Class org.objectweb.asm.ByteVector                                                    : loaded 2 times (x 75B)
Class [Lcom.google.common.cache.CacheBuilder$NullListener;                            : loaded 2 times (x 65B)
Class org.gradle.internal.classloader.VisitableURLClassLoader$Spec                    : loaded 2 times (x 70B)
Class org.gradle.internal.classpath.DefaultClassPath                                  : loaded 2 times (x 86B)
Class org.jetbrains.kotlin.gradle.plugin.statistics.BuildFinishMetrics                : loaded 2 times (x 67B)
Class org.jetbrains.kotlin.gradle.plugin.mpp.KotlinSoftwareComponentKt                : loaded 2 times (x 67B)
Class org.jetbrains.kotlin.gradle.plugin.mpp.compilationImpl.KotlinCompilationSourceSetInclusion$AddSourcesToCompileTask: loaded 2 times (x 66B)
Class [Lorg.jetbrains.kotlin.gradle.plugin.HasProject;                                : loaded 2 times (x 65B)
Class org.jetbrains.kotlin.gradle.utils.MutableObservableSetImpl                      : loaded 2 times (x 159B)
Class org.jetbrains.kotlin.gradle.tasks.KotlinTasksProvider                           : loaded 2 times (x 68B)
Class org.jetbrains.kotlin.gradle.dsl.DefaultToolchainSupport$wireToolchainToTasks$1  : loaded 2 times (x 71B)
Class org.jetbrains.kotlin.gradle.dsl.KotlinCommonCompilerOptions                     : loaded 2 times (x 66B)
Class org.jetbrains.kotlin.gradle.plugin.KotlinJsCompilerTypeHolder                   : loaded 2 times (x 66B)
Class org.jetbrains.kotlin.konan.target.Architecture                                  : loaded 2 times (x 75B)
Class org.jetbrains.kotlin.gradle.internal.properties.PropertiesBuildService$MemoizedCallable: loaded 2 times (x 71B)
Class org.jetbrains.kotlin.gradle.plugin.internal.DefaultMavenPublicationComponentAccessorFactory: loaded 2 times (x 72B)
Class org.objectweb.asm.Symbol                                                        : loaded 2 times (x 69B)
Class com.microsoft.gradle.api.GradleDependencyType                                   : loaded 2 times (x 75B)
Class build_7p3121cg71jl8w357kkpqtutq$_run_closure1                                   : loaded 2 times (x 135B)
Class org.jetbrains.kotlin.statistics.metrics.OrMetricContainer                       : loaded 2 times (x 76B)
Class org.jetbrains.kotlin.build.report.metrics.BuildAttributes                       : loaded 2 times (x 68B)
Class org.jetbrains.kotlin.gradle.plugin.cocoapods.KotlinCocoapodsPlugin$Companion    : loaded 2 times (x 67B)
Class org.jetbrains.kotlin.gradle.plugin.mpp.compilationImpl.KotlinCompilationImpl    : loaded 2 times (x 141B)
Class [Lorg.jetbrains.kotlin.gradle.plugin.mpp.compilationImpl.factory.KotlinCompilationImplFactory$PostConfigure;: loaded 2 times (x 65B)
Class org.jetbrains.kotlin.gradle.plugin.KotlinSourceSet$Companion                    : loaded 2 times (x 67B)
Class org.jetbrains.kotlin.konan.target.KonanTarget$MACOS_X64                         : loaded 2 times (x 74B)
Class org.jetbrains.kotlin.konan.util.Named                                           : loaded 2 times (x 66B)
Class [Lorg.jetbrains.kotlin.gradle.report.BuildReportMode;                           : loaded 2 times (x 65B)
Class org.jetbrains.kotlin.statistics.metrics.BooleanOverridePolicy                   : loaded 2 times (x 81B)
Class org.jetbrains.kotlin.gradle.plugin.AbstractKotlinAndroidPluginWrapper           : loaded 2 times (x 82B)
Class com.google.common.base.CharMatcher$BitSetMatcher                                : loaded 2 times (x 108B)
Class [Lcom.google.gson.Strictness;                                                   : loaded 2 times (x 65B)
Class com.google.common.collect.RegularImmutableMap$Values                            : loaded 2 times (x 203B)
Class com.google.common.collect.ImmutableSet                                          : loaded 2 times (x 141B)
Class org.gradle.internal.classloader.ClassLoaderSpec                                 : loaded 2 times (x 67B)
Class org.jetbrains.kotlin.gradle.plugin.statistics.DaemonReuseCounter$Companion      : loaded 2 times (x 67B)
Class org.jetbrains.kotlin.gradle.tasks.DefaultKotlinJavaToolchain$DefaultJavaToolchainSetter: loaded 2 times (x 71B)
Class org.jetbrains.kotlin.build.report.metrics.BuildAttributeKind                    : loaded 2 times (x 75B)
Class org.jetbrains.kotlin.gradle.plugin.mpp.KotlinCompilationsKt$moduleNameForCompilation$1: loaded 2 times (x 71B)
Class org.jetbrains.kotlin.gradle.plugin.sources.KotlinDependencyScopeKt              : loaded 2 times (x 67B)
Class org.jetbrains.kotlin.gradle.plugin.diagnostics.TransformActionUsingKotlinToolingDiagnostics$Parameters: loaded 2 times (x 66B)
Class org.jetbrains.kotlin.compilerRunner.CompilerSystemPropertiesService$Companion$registerIfAbsent$2$1: loaded 2 times (x 75B)
Class org.jetbrains.kotlin.gradle.plugin.mpp.KotlinCompilationsKt$addSourcesToKotlinCompileTask$1: loaded 2 times (x 71B)
Class org.jetbrains.kotlin.gradle.internal.KotlinDependenciesManagementKt$configureDefaultVersionsResolutionStrategy$1$1: loaded 2 times (x 71B)
Class org.jetbrains.kotlin.gradle.utils.KotlinExtensionUtilsKt$forAllTargets$1        : loaded 2 times (x 91B)
Class org.jetbrains.kotlin.gradle.plugin.diagnostics.CheckKotlinGradlePluginConfigurationErrorsKt$locateOrRegisterCheckKotlinGradlePluginErrorsTask$taskProvider$1: loaded 2 times (x 71B)
Class org.jetbrains.kotlin.gradle.plugin.diagnostics.checkers.KmpPartiallyResolvedDependenciesChecker$runChecks$1: loaded 2 times (x 84B)
Class org.jetbrains.kotlin.gradle.plugin.diagnostics.checkers.OverriddenKotlinNativeHomeChecker$StdlibExistenceCheckerValueSource$Params: loaded 2 times (x 66B)
Class org.jetbrains.kotlin.gradle.dsl.PlatformSourceSetConventionsChecker$nativeTargetPresets$1$1: loaded 2 times (x 75B)
Class org.jetbrains.kotlin.gradle.tooling.BuildKotlinToolingMetadataTaskKt$buildKotlinToolingMetadataTask$1: loaded 2 times (x 74B)
Class org.jetbrains.kotlin.gradle.internal.Kapt3GradleSubplugin$Companion             : loaded 2 times (x 67B)
Class org.jetbrains.kotlin.gradle.plugin.mpp.compilationImpl.KotlinCreateCompilationArchiveTaskKt$KotlinRegisterCompilationArchiveTasksExtension$1: loaded 2 times (x 70B)
Class [Lorg.jetbrains.kotlin.statistics.metrics.NumberOverridePolicy;                 : loaded 2 times (x 65B)
Class org.jetbrains.kotlin.gradle.internal.properties.PropertiesBuildService$GradleProperty: loaded 2 times (x 66B)
Class org.jetbrains.kotlin.gradle.plugin.statistics.BuildFinishBuildService$Companion : loaded 2 times (x 67B)
Class org.jetbrains.kotlin.gradle.utils.StoredPropertyKt$projectStoredProperty$1      : loaded 2 times (x 74B)
Class org.objectweb.asm.AnnotationWriter                                              : loaded 2 times (x 75B)
Class com.google.common.cache.CacheStats                                              : loaded 2 times (x 67B)
Class org.jetbrains.kotlin.statistics.BuildSessionLogger$Companion$listProfileFiles$lambda$4$$inlined$sortedBy$1: loaded 2 times (x 85B)
Class org.jetbrains.kotlin.gradle.tasks.K2MultiplatformStructure$RefinesEdge          : loaded 2 times (x 68B)
Class org.jetbrains.kotlin.gradle.plugin.mpp.SyncLanguageSettingsWithKotlinExtensionSetupActionKt$SyncLanguageSettingsWithKotlinExtensionSetupAction$1$1: loaded 2 times (x 71B)
Class org.jetbrains.kotlin.gradle.tasks.configuration.TaskConfigAction$configureTask$1: loaded 2 times (x 75B)
Class org.jetbrains.kotlin.gradle.dsl.abi.AbiValidationExtension                      : loaded 2 times (x 66B)
Class org.jetbrains.kotlin.gradle.plugin.diagnostics.checkers.DuplicateSourceSetChecker$runChecks$1: loaded 2 times (x 84B)
Class org.jetbrains.kotlin.gradle.dsl.JvmTarget                                       : loaded 2 times (x 75B)
Class org.jetbrains.kotlin.gradle.plugin.diagnostics.ToolingDiagnostic$Severity       : loaded 2 times (x 75B)
Class org.jetbrains.kotlin.gradle.internal.ClassLoadersCachingBuildService            : loaded 2 times (x 72B)
Class org.jetbrains.kotlin.gradle.plugin.VariantImplementationFactories$Inject        : loaded 2 times (x 102B)
Class org.jetbrains.kotlin.gradle.plugin.internal.DefaultJavaExecTaskParametersCompatibility$Factory: loaded 2 times (x 72B)
Class org.jetbrains.kotlin.gradle.plugin.VariantImplementationFactoriesConfigurator$Companion: loaded 2 times (x 67B)
Class org.objectweb.asm.RecordComponentWriter                                         : loaded 2 times (x 74B)
Class com.google.common.util.concurrent.AbstractFuture$Listener                       : loaded 2 times (x 68B)
Class com.google.common.base.CharMatcher$Or                                           : loaded 2 times (x 108B)
Class Settings_gradle$1$1                                                             : loaded 2 times (x 70B)
Class [Lorg.jetbrains.kotlin.compilerRunner.KotlinCompilerArgumentsLogLevel;          : loaded 2 times (x 65B)
Class org.jetbrains.kotlin.gradle.tasks.KotlinCompile_Decorated                       : loaded 2 times (x 603B)
Class org.jetbrains.kotlin.gradle.plugin.mpp.SyncLanguageSettingsWithKotlinExtensionSetupActionKt$SyncLanguageSettingsWithKotlinExtensionSetupAction$1$2: loaded 2 times (x 71B)
Class org.jetbrains.kotlin.gradle.plugin.internal.BuildIdService$Companion            : loaded 2 times (x 67B)
Class org.jetbrains.kotlin.gradle.plugin.diagnostics.checkers.OverriddenKotlinNativeHomeChecker$StdlibExistenceCheckerValueSource$Companion: loaded 2 times (x 67B)
Class org.jetbrains.kotlin.gradle.targets.js.dsl.KotlinWasmSubTargetContainerDsl      : loaded 2 times (x 66B)
Class org.jetbrains.kotlin.gradle.plugin.diagnostics.checkers.WasmWasiEnvironmentChecker$1: loaded 2 times (x 74B)
Class org.jetbrains.kotlin.gradle.plugin.diagnostics.checkers.DisabledCinteropCommonizationInHmppProjectChecker: loaded 2 times (x 70B)
Class org.jetbrains.kotlin.gradle.plugin.diagnostics.checkers.NoKotlinTargetsDeclaredChecker: loaded 2 times (x 70B)
Class org.jetbrains.kotlin.gradle.targets.jvm.KotlinJvmTargetTestFixturesSideEffectKt$ConfigureJavaTestFixturesSideEffect$1: loaded 2 times (x 70B)
Class org.jetbrains.kotlin.gradle.utils.StoredPropertyStorage                         : loaded 2 times (x 68B)
Class org.jetbrains.kotlin.gradle.plugin.KotlinSourceSetContainer                     : loaded 2 times (x 66B)
Class org.objectweb.asm.Attribute                                                     : loaded 2 times (x 73B)
Class com.google.common.base.Supplier                                                 : loaded 2 times (x 66B)
Class org.gradle.internal.classloader.VisitableURLClassLoader                         : loaded 2 times (x 113B)
Class org.jetbrains.kotlin.gradle.utils.Completable$await$1                           : loaded 2 times (x 84B)
Class org.jetbrains.kotlin.statistics.metrics.NumberOverridePolicy$OVERRIDE$fromStringRepresentation$1: loaded 2 times (x 74B)
Class org.jetbrains.kotlin.gradle.plugin.statistics.plugins.ObservablePlugins         : loaded 2 times (x 75B)
Class org.jetbrains.kotlin.gradle.plugin.sources.InternalKotlinSourceSetKt$awaitPlatformCompilations$1: loaded 2 times (x 84B)
Class [Lorg.jetbrains.kotlin.gradle.plugin.sources.KotlinDependencyScope;             : loaded 2 times (x 65B)
Class org.jetbrains.kotlin.gradle.tasks.configuration.BaseKotlinCompileConfig$configureCommonParameters$1: loaded 2 times (x 70B)
Class org.jetbrains.kotlin.gradle.plugin.mpp.compilationImpl.factory.ConfigurationNaming: loaded 2 times (x 66B)
Class org.jetbrains.kotlin.gradle.plugin.mpp.compilationImpl.DefaultKotlinCompilationPostConfigureKt: loaded 2 times (x 67B)
Class org.jetbrains.kotlin.konan.target.KonanTarget$WATCHOS_X64                       : loaded 2 times (x 74B)
Class org.jetbrains.kotlin.gradle.plugin.diagnostics.KotlinGradleProjectCheckersRunnerKt: loaded 2 times (x 67B)
Class [Lorg.jetbrains.kotlin.tooling.core.HasExtras;                                  : loaded 2 times (x 65B)
Class org.jetbrains.kotlin.gradle.plugin.diagnostics.checkers.IncorrectCompileOnlyDependenciesChecker: loaded 2 times (x 70B)
Class org.jetbrains.kotlin.gradle.plugin.diagnostics.checkers.WasmWasiEnvironmentChecker$2: loaded 2 times (x 74B)
Class org.jetbrains.kotlin.gradle.dsl.DefaultToolchainSupport$wireToolchainToTasks$1$1: loaded 2 times (x 71B)
Class org.jetbrains.kotlin.gradle.internal.IdeaKt$isInIdeaEnvironment$1               : loaded 2 times (x 70B)
Class org.jetbrains.kotlin.gradle.plugin.statistics.FusUtilKt                         : loaded 2 times (x 67B)
Class org.jetbrains.kotlin.gradle.utils.SingleActionPerProject                        : loaded 2 times (x 69B)
Class org.jetbrains.kotlin.gradle.plugin.DefaultKotlinBasePlugin                      : loaded 2 times (x 78B)
Class org.gradle.internal.Cast                                                        : loaded 2 times (x 67B)
Class org.gradle.api.Action                                                           : loaded 2 times (x 66B)
Class org.jetbrains.kotlin.statistics.metrics.StatisticsValuesConsumer$DefaultImpls   : loaded 2 times (x 67B)
Class [Lorg.jetbrains.kotlin.gradle.plugin.mpp.KotlinUsageContext$MavenScope;         : loaded 2 times (x 65B)
Class org.jetbrains.kotlin.gradle.tasks.configuration.BaseKotlinCompileConfig$configureCommonParameters$2: loaded 2 times (x 71B)
Class org.jetbrains.kotlin.gradle.plugin.mpp.compilationImpl.KotlinCompilationCompilerOptionsFromTargetConfigurator: loaded 2 times (x 70B)
Class [Lorg.jetbrains.kotlin.gradle.plugin.mpp.compilationImpl.DefaultKotlinCompilationFriendPathsResolver$FriendArtifactResolver;: loaded 2 times (x 65B)
Class com.google.common.base.Strings                                                  : loaded 2 times (x 67B)
Class org.jetbrains.kotlin.gradle.utils.FailuresKt$ideaSyncClasspathModeUtil$1        : loaded 2 times (x 68B)
Class org.jetbrains.kotlin.gradle.artifacts.KotlinJsKlibArtifactKt                    : loaded 2 times (x 67B)
Class org.jetbrains.kotlin.gradle.dsl.KotlinTargetContainerWithWasmPresetFunctions    : loaded 2 times (x 66B)
Class org.jetbrains.kotlin.gradle.internal.IdeaKt$isInIdeaEnvironment$2               : loaded 2 times (x 70B)
Class org.jetbrains.kotlin.gradle.plugin.diagnostics.KotlinToolingDiagnosticsCollector$Inject: loaded 2 times (x 92B)
Class org.jetbrains.kotlin.gradle.plugin.GradleUtilsKt                                : loaded 2 times (x 67B)
Class org.jetbrains.kotlin.gradle.internal.properties.PropertiesBuildService          : loaded 2 times (x 72B)
Class org.jetbrains.kotlin.gradle.plugin.BuildFinishedListenerService$Companion$registerIfAbsent$1$1$1: loaded 2 times (x 71B)
Class com.google.common.collect.Sets                                                  : loaded 2 times (x 67B)
Class org.objectweb.asm.Handler                                                       : loaded 2 times (x 68B)
Class com.google.common.base.Ticker                                                   : loaded 2 times (x 68B)
Class com.google.common.base.CharMatcher$FastMatcher                                  : loaded 2 times (x 107B)
Class org.jetbrains.kotlin.gradle.tasks.KotlinCompile$javaSources$1                   : loaded 2 times (x 71B)
Class org.jetbrains.kotlin.incremental.IncrementalCompilationFeatures                 : loaded 2 times (x 67B)
Class org.jetbrains.kotlin.gradle.plugin.KotlinTarget$DefaultImpls                    : loaded 2 times (x 67B)
Class org.jetbrains.kotlin.gradle.plugin.mpp.compilationImpl.KotlinCreateCompilationArchiveTaskKt: loaded 2 times (x 67B)
Class org.jetbrains.kotlin.tooling.core.MutableExtrasImpl                             : loaded 2 times (x 161B)
Class org.jetbrains.kotlin.gradle.plugin.diagnostics.KotlinToolingDiagnosticsCollector: loaded 2 times (x 72B)
Class org.jetbrains.kotlin.gradle.plugin.statistics.KotlinBuildStatsMXBean            : loaded 2 times (x 66B)
Class org.jetbrains.kotlin.gradle.utils.FileUtilsKt                                   : loaded 2 times (x 67B)
Class [Lcom.google.common.cache.LocalCache$Segment;                                   : loaded 2 times (x 65B)
Class [Lcom.google.common.cache.LocalCache$Strength;                                  : loaded 2 times (x 65B)
Class com.google.common.cache.CacheBuilder$1                                          : loaded 2 times (x 81B)
Class com.google.common.base.Predicate                                                : loaded 2 times (x 66B)
Class com.google.common.collect.ImmutableMap                                          : loaded 2 times (x 116B)
Class org.gradle.internal.classpath.DefaultClassPath$ImmutableUniqueList$Builder      : loaded 2 times (x 71B)
Class org.jetbrains.kotlin.gradle.plugin.PropertiesProvider$propertyWithValueReporting$1: loaded 2 times (x 71B)
Class org.jetbrains.kotlin.gradle.plugin.mpp.KotlinCompilationFactory$DefaultImpls    : loaded 2 times (x 67B)
Class com.google.gson.stream.JsonToken                                                : loaded 2 times (x 75B)
Class com.google.common.collect.AbstractRangeSet                                      : loaded 2 times (x 110B)
Class org.jetbrains.kotlin.gradle.plugin.diagnostics.checkers.InternalGradlePropertiesUsageChecker: loaded 2 times (x 70B)
Class org.jetbrains.kotlin.gradle.plugin.mpp.compilationImpl.CreateCInteropTasksSideEffectKt: loaded 2 times (x 67B)
Class org.jetbrains.kotlin.gradle.testing.internal.KotlinTestsRegistry$Companion      : loaded 2 times (x 67B)
Class org.jetbrains.kotlin.gradle.dsl.KotlinCommonCompilerToolOptions                 : loaded 2 times (x 66B)
Class org.jetbrains.kotlin.gradle.internal.properties.PropertiesBuildService$Companion$registerIfAbsent$1: loaded 2 times (x 71B)
Class org.jetbrains.kotlin.gradle.plugin.internal.DefaultConfigurationCacheStartParameterAccessorVariantFactory: loaded 2 times (x 72B)
Class com.google.common.cache.LocalCache                                              : loaded 2 times (x 183B)
Class com.google.common.cache.CacheBuilder$2                                          : loaded 2 times (x 75B)
Class com.google.common.base.CharMatcher$NegatedFastMatcher                           : loaded 2 times (x 109B)
Class Build_gradle$inlined$sam$i$org_gradle_api_Action$0                              : loaded 2 times (x 71B)
Class org.jetbrains.kotlin.gradle.plugin.statistics.BuildFinishBuildService$Companion$collectAllFusReportsIntoOne$2$1: loaded 2 times (x 75B)
Class org.jetbrains.kotlin.build.report.metrics.BuildPerformanceMetrics$Companion     : loaded 2 times (x 67B)
Class org.jetbrains.kotlin.cli.common.arguments.K2JVMCompilerArguments                : loaded 2 times (x 72B)
Class org.jetbrains.kotlin.gradle.plugin.mpp.compilationImpl.DefaultKotlinCompilationSourceSetsContainer$source$1: loaded 2 times (x 75B)
Class org.jetbrains.kotlin.gradle.internal.KotlinTestDependencyManagementKt           : loaded 2 times (x 67B)
Class [Lorg.jetbrains.kotlin.gradle.plugin.sources.ConsistencyCheck;                  : loaded 2 times (x 65B)
Class org.jetbrains.kotlin.konan.target.KonanTarget$ANDROID_X64                       : loaded 2 times (x 74B)
Class org.jetbrains.kotlin.gradle.plugin.statistics.FlowActionBuildFusService$Companion: loaded 2 times (x 67B)
Class org.jetbrains.kotlin.gradle.report.ReportingSettings                            : loaded 2 times (x 68B)
Class org.jetbrains.kotlin.statistics.metrics.StringAnonymizationPolicy$ComponentVersionAnonymizer: loaded 2 times (x 74B)
Class org.jetbrains.kotlin.gradle.plugin.KotlinBasePluginWrapper                      : loaded 2 times (x 82B)
Class com.google.common.collect.ArrayListMultimap                                     : loaded 2 times (x 168B)
Class com.google.common.cache.CacheBuilder$3                                          : loaded 2 times (x 68B)
Class [Lcom.google.common.collect.AbstractMapEntry;                                   : loaded 2 times (x 65B)
Class com.google.common.collect.ImmutableEntry                                        : loaded 2 times (x 78B)
Class org.jetbrains.kotlin.compilerRunner.CompilerSystemPropertiesService$Companion   : loaded 2 times (x 67B)
Class org.gradle.internal.exceptions.NonGradleCauseExceptionsHolder                   : loaded 2 times (x 66B)
Class org.jetbrains.kotlin.statistics.metrics.MetricPoliciesKt                        : loaded 2 times (x 67B)
Class org.jetbrains.kotlin.gradle.plugin.statistics.NonSynchronizedMetricsContainer$MetricDescriptor: loaded 2 times (x 71B)
Class org.jetbrains.kotlin.gradle.plugin.diagnostics.KotlinToolingDiagnostics$JsEnvironmentNotChosenExplicitly: loaded 2 times (x 69B)
Class org.jetbrains.kotlin.gradle.plugin.ProjectLocalConfigurations$ProjectLocalCompatibility: loaded 2 times (x 72B)
Class org.jetbrains.kotlin.gradle.dsl.JvmDefaultMode                                  : loaded 2 times (x 75B)
Class org.jetbrains.kotlin.gradle.dsl.KotlinJvmCompilerOptions                        : loaded 2 times (x 66B)
Class org.jetbrains.kotlin.gradle.plugin.internal.DefaultMavenPublicationComponentAccessor: loaded 2 times (x 71B)
Class org.jetbrains.kotlin.gradle.plugin.statistics.BuildFinishBuildService           : loaded 2 times (x 80B)
Class org.jetbrains.kotlin.gradle.plugin.internal.DefaultProjectIsolationStartParameterAccessor$Factory: loaded 2 times (x 72B)
Class com.google.common.collect.CollectPreconditions                                  : loaded 2 times (x 67B)
Class org.jetbrains.kotlin.buildtools.api.SourcesChanges                              : loaded 2 times (x 66B)
Class org.jetbrains.kotlin.gradle.plugin.KotlinPluginLifecycleImpl$launch$1           : loaded 2 times (x 75B)
Class org.jetbrains.kotlin.gradle.plugin.diagnostics.checkers.GradleDeprecatedPropertyChecker$DeprecatedProperty: loaded 2 times (x 68B)
Class org.jetbrains.kotlin.gradle.utils.Completable                                   : loaded 2 times (x 68B)
Class org.jetbrains.kotlin.konan.target.HostManager$Companion$targetAliases$2         : loaded 2 times (x 74B)
Class org.jetbrains.kotlin.gradle.plugin.DefaultKotlinBasePlugin$addKotlinCompilerConfiguration$2$1: loaded 2 times (x 71B)
Class org.jetbrains.kotlin.gradle.plugin.statistics.KotlinBuildStatsServicesRegistry$Companion: loaded 2 times (x 67B)
Class org.jetbrains.kotlin.gradle.plugin.internal.DefaultCompatibilityConventionRegistrar$Factory: loaded 2 times (x 72B)
Class com.google.common.collect.SortedMapDifference                                   : loaded 2 times (x 66B)
Class org.jetbrains.kotlin.gradle.tasks.DefaultKotlinJavaToolchain$DefaultJdkSetter   : loaded 2 times (x 72B)
Class org.jetbrains.kotlin.cli.common.arguments.CommonCompilerArguments               : loaded 2 times (x 71B)
Class org.jetbrains.kotlin.gradle.plugin.diagnostics.checkers.IncorrectCompileOnlyDependenciesChecker$runChecks$1: loaded 2 times (x 84B)
Class org.jetbrains.kotlin.gradle.plugin.mpp.KotlinOnlyTarget                         : loaded 2 times (x 149B)
Class org.jetbrains.kotlin.gradle.targets.js.npm.BaseNpmDependencyExtension           : loaded 2 times (x 66B)
Class org.jetbrains.kotlin.gradle.dsl.KotlinVersion$Companion                         : loaded 2 times (x 67B)
Class org.jetbrains.kotlin.gradle.InternalKotlinGradlePluginApi                       : loaded 2 times (x 66B)
Class org.jetbrains.kotlin.gradle.targets.ConfigureNonPackedKlibConsumingSideEffectKt$ConfigureNonPackedKlibConsumingSideEffect$1: loaded 2 times (x 70B)
Class org.jetbrains.kotlin.gradle.dsl.DefaultToolchainSupport                         : loaded 2 times (x 72B)
Class org.jetbrains.kotlin.gradle.plugin.diagnostics.DiagnosticGroup$Base             : loaded 2 times (x 77B)
Class org.jetbrains.kotlin.gradle.plugin.internal.CustomPropertiesFileValueSource     : loaded 2 times (x 78B)
Class com.google.common.cache.LocalCache$EntryFactory                                 : loaded 2 times (x 79B)
Class org.jetbrains.kotlin.gradle.tasks.TaskOutputsBackup                             : loaded 2 times (x 68B)
Class org.jetbrains.kotlin.gradle.plugin.cocoapods.KotlinCocoapodsPlugin              : loaded 2 times (x 72B)
Class org.jetbrains.kotlin.gradle.internal.CompilerOptionsDslHelpersKt                : loaded 2 times (x 67B)
Class org.jetbrains.kotlin.gradle.tasks.configuration.AbstractKotlinCompileConfigKt   : loaded 2 times (x 67B)
Class org.jetbrains.kotlin.gradle.internal.StdlibDependencyManagementKt$configureStdlibVersionAlignment$1$1: loaded 2 times (x 71B)
Class org.jetbrains.kotlin.gradle.dsl.KotlinProjectExtension$awaitSourceSets$1        : loaded 2 times (x 84B)
Class org.jetbrains.kotlin.gradle.plugin.KotlinPluginLifecycle$CoroutineStart         : loaded 2 times (x 75B)
Class org.jetbrains.kotlin.gradle.tasks.TasksProviderKt$sam$org_gradle_api_Action$0   : loaded 2 times (x 71B)
Class org.jetbrains.kotlin.gradle.tooling.BuildKotlinToolingMetadataTask$FromKotlinExtension: loaded 2 times (x 310B)
Class org.jetbrains.kotlin.gradle.utils.FailuresKt                                    : loaded 2 times (x 67B)
Class org.jetbrains.kotlin.gradle.targets.native.internal.CInteropConfigurationsKt$special$$inlined$KotlinTargetSideEffect$1: loaded 2 times (x 70B)
Class org.jetbrains.kotlin.konan.target.Family                                        : loaded 2 times (x 75B)
Class org.jetbrains.kotlin.gradle.plugin.diagnostics.DiagnosticGroup                  : loaded 2 times (x 66B)
Class org.jetbrains.kotlin.gradle.internal.properties.NativePropertiesLoader$konanDataDirProperty$1: loaded 2 times (x 71B)
Class org.jetbrains.kotlin.gradle.plugin.KotlinGradleBuildServices$Companion$registerIfAbsent$2$1: loaded 2 times (x 75B)
Class org.jetbrains.kotlin.gradle.plugin.statistics.BuildFusService$Parameters_Decorated: loaded 2 times (x 135B)
Class org.jetbrains.kotlin.gradle.internal.properties.PropertiesBuildService$Params$Inject: loaded 2 times (x 102B)
Class org.jetbrains.kotlin.tooling.core.HasMutableExtras                              : loaded 2 times (x 66B)
Class com.google.common.cache.LocalCache$AbstractReferenceEntry                       : loaded 2 times (x 103B)
Class org.gradle.internal.IoActions                                                   : loaded 2 times (x 67B)
Class org.jetbrains.kotlin.statistics.BuildSession                                    : loaded 2 times (x 68B)
Class org.jetbrains.kotlin.gradle.internal.Kapt3KotlinGradleSubpluginKt               : loaded 2 times (x 67B)
Class org.jetbrains.kotlin.gradle.dsl.KotlinJvmCompile                                : loaded 2 times (x 66B)
Class com.google.common.collect.ImmutableRangeSet$ComplementRanges                    : loaded 2 times (x 203B)
Class org.jetbrains.kotlin.konan.target.KonanTarget$LINUX_ARM32_HFP                   : loaded 2 times (x 74B)
Class org.jetbrains.kotlin.gradle.internal.Kapt3GradleSubplugin                       : loaded 2 times (x 78B)
Class org.jetbrains.kotlin.gradle.plugin.diagnostics.checkers.CInteropInputChecker    : loaded 2 times (x 70B)
Class org.jetbrains.kotlin.gradle.targets.native.internal.CInteropConfigurationsKt$special$$inlined$KotlinTargetSideEffect$2: loaded 2 times (x 70B)
Class org.jetbrains.kotlin.gradle.plugin.statistics.FinalizeConfigurationFusMetricActionKt$FinalizeConfigurationFusMetricAction$1: loaded 2 times (x 91B)
Class org.jetbrains.kotlin.gradle.internal.KotlinDependenciesManagementKt$CustomizeKotlinDependenciesSetupAction$1: loaded 2 times (x 70B)
Class org.jetbrains.kotlin.gradle.plugin.KotlinGradlePluginExtensionPointInternal$registeredExtensions$2: loaded 2 times (x 74B)
Class org.jetbrains.kotlin.statistics.metrics.BooleanOverridePolicy$OR                : loaded 2 times (x 81B)
Class org.jetbrains.kotlin.gradle.plugin.UsesVariantImplementationFactories           : loaded 2 times (x 66B)
Class org.objectweb.asm.SymbolTable                                                   : loaded 2 times (x 68B)
Class com.google.common.cache.CacheLoader$InvalidCacheLoadException                   : loaded 2 times (x 78B)
Class com.google.common.collect.ImmutableSet$RegularSetBuilderImpl                    : loaded 2 times (x 73B)
Class org.gradle.internal.classloader.SystemClassLoaderSpec                           : loaded 2 times (x 67B)
Class org.jetbrains.kotlin.gradle.plugin.diagnostics.DefaultProblemsReporter_Decorated: loaded 2 times (x 115B)
Class org.jetbrains.kotlin.gradle.tasks.configuration.BaseKotlinCompileConfig$1$1     : loaded 2 times (x 71B)
Class org.jetbrains.kotlin.gradle.plugin.mpp.compilationImpl.factory.KotlinCompilationImplFactory$PostConfigure: loaded 2 times (x 66B)
Class org.jetbrains.kotlin.gradle.tasks.abi.KotlinLegacyAbiDumpTask                   : loaded 2 times (x 66B)
Class org.jetbrains.kotlin.gradle.utils.KotlinExtensionUtilsKt                        : loaded 2 times (x 67B)
Class [Lorg.jetbrains.kotlin.konan.util.Named;                                        : loaded 2 times (x 65B)
Class org.jetbrains.kotlin.gradle.plugin.diagnostics.checkers.NoKotlinTargetsDeclaredChecker$runChecks$1: loaded 2 times (x 84B)
Class org.jetbrains.kotlin.gradle.plugin.mpp.AbstractKotlinTarget$kotlinComponents$2  : loaded 2 times (x 75B)
Class org.jetbrains.kotlin.gradle.plugin.KotlinPlatformType$CompatibilityRule         : loaded 2 times (x 72B)
Class org.jetbrains.kotlin.gradle.internal.properties.NativePropertiesLoader$actualNativeHomeDirectory$1: loaded 2 times (x 71B)
Class org.jetbrains.kotlin.gradle.internal.properties.NativePropertiesKt              : loaded 2 times (x 67B)
Class [Lorg.jetbrains.kotlin.statistics.metrics.BooleanOverridePolicy;                : loaded 2 times (x 65B)
Class org.jetbrains.kotlin.gradle.plugin.BuildEventsListenerRegistryHolder            : loaded 2 times (x 68B)
Class org.jetbrains.kotlin.gradle.plugin.internal.CustomPropertiesFileValueSource$Parameters$Inject: loaded 2 times (x 102B)
Class com.google.common.cache.LocalCache$StrongEntry                                  : loaded 2 times (x 104B)
Class com.google.common.util.concurrent.AbstractFuture$TrustedFuture                  : loaded 2 times (x 110B)
Class com.google.common.cache.LoadingCache                                            : loaded 2 times (x 66B)
Class org.gradle.internal.exceptions.MultiCauseException                              : loaded 2 times (x 66B)
Class org.gradle.internal.time.CountdownTimer                                         : loaded 2 times (x 66B)
Class build_7p3121cg71jl8w357kkpqtutq                                                 : loaded 2 times (x 168B)
Class org.jetbrains.kotlin.gradle.plugin.mpp.compilationImpl.DefaultKotlinCompilationSourceSetsContainer$allKotlinSourceSetsImpl$1$1: loaded 2 times (x 76B)
Class org.jetbrains.kotlin.gradle.tasks.GradleCompileTaskProvider                     : loaded 2 times (x 68B)
Class org.jetbrains.kotlin.gradle.plugin.mpp.KotlinTargetSoftwareComponentImplKt$KotlinTargetSoftwareComponent$1: loaded 2 times (x 91B)
Class org.jetbrains.kotlin.gradle.tasks.configuration.BaseKotlinCompileConfig$registerBuildToolsApiTransformations$1: loaded 2 times (x 75B)
Class org.jetbrains.kotlin.gradle.tasks.configuration.AbstractKotlinCompileConfigKt$sam$org_gradle_api_Action$0: loaded 2 times (x 71B)
Class org.jetbrains.kotlin.gradle.plugin.internal.BuildIdService                      : loaded 2 times (x 72B)
Class org.jetbrains.kotlin.gradle.plugin.mpp.compilationImpl.factory.KotlinCompilationDependencyConfigurationsFactoriesKt: loaded 2 times (x 67B)
Class org.jetbrains.kotlin.gradle.plugin.mpp.compilationImpl.DefaultKotlinCompilationFriendPathsResolver: loaded 2 times (x 71B)
Class org.jetbrains.kotlin.gradle.plugin.diagnostics.checkers.KmpPartiallyResolvedDependenciesCheckerKt: loaded 2 times (x 67B)
Class org.jetbrains.kotlin.gradle.plugin.diagnostics.checkers.WasmSourceSetsNotFoundChecker$runChecks$1: loaded 2 times (x 84B)
Class org.jetbrains.kotlin.konan.target.KonanTarget$IOS_SIMULATOR_ARM64               : loaded 2 times (x 74B)
Class org.jetbrains.kotlin.gradle.targets.jvm.KotlinJvmCompilationWireJavaSourcesSideEffectKt: loaded 2 times (x 67B)
Class org.jetbrains.kotlin.gradle.plugin.mpp.compilationImpl.KotlinCreateCompilationArchiveTaskKt$KotlinCreateCompilationArchivesTask$1: loaded 2 times (x 70B)
Class org.jetbrains.kotlin.gradle.dsl.KotlinVersion                                   : loaded 2 times (x 75B)
Class org.jetbrains.kotlin.gradle.internal.properties.NativePropertiesLoader$actualNativeHomeDirectory$2: loaded 2 times (x 70B)
Class org.jetbrains.kotlin.gradle.utils.StoredPropertyKt                              : loaded 2 times (x 67B)
Class org.objectweb.asm.MethodWriter                                                  : loaded 2 times (x 102B)
Class [Lcom.google.common.cache.Weigher;                                              : loaded 2 times (x 65B)
Class com.google.common.collect.RegularImmutableMap$BucketOverflowException           : loaded 2 times (x 78B)
Class org.gradle.tooling.model.ProjectModel                                           : loaded 2 times (x 66B)
Class org.jetbrains.kotlin.gradle.internal.build.SourcesUtilsKt                       : loaded 2 times (x 67B)
Class org.jetbrains.kotlin.gradle.plugin.sources.KotlinDependencyScope$Companion      : loaded 2 times (x 67B)
Class org.jetbrains.kotlin.gradle.tasks.configuration.BaseKotlinCompileConfig$registerBuildToolsApiTransformations$2: loaded 2 times (x 75B)
Class org.jetbrains.kotlin.gradle.tasks.KotlinJvmCompile                              : loaded 2 times (x 66B)
Class org.jetbrains.kotlin.gradle.plugin.mpp.compilationImpl.KotlinCompilationSourceSetsContainerKt: loaded 2 times (x 67B)
Class org.jetbrains.kotlin.gradle.plugin.KotlinPluginLifecycleKt$launchInStage$1      : loaded 2 times (x 91B)
Class org.jetbrains.kotlin.gradle.targets.NativeForwardImplementationToApiElementsSideEffectKt: loaded 2 times (x 67B)
Class org.jetbrains.kotlin.gradle.tasks.publishing.HelpersKt$addPgpSignatureHelpers$1 : loaded 2 times (x 71B)
Class org.jetbrains.kotlin.gradle.internal.properties.NativePropertiesLoader$actualNativeHomeDirectory$3: loaded 2 times (x 71B)
Class org.jetbrains.kotlin.gradle.report.BuildReportMode                              : loaded 2 times (x 75B)
Class org.jetbrains.kotlin.statistics.metrics.StringAnonymizationPolicy$RegexControlled: loaded 2 times (x 75B)
Class org.jetbrains.kotlin.statistics.ValueAnonymizer                                 : loaded 2 times (x 66B)
Class org.jetbrains.kotlin.gradle.plugin.VariantImplementationFactories$Companion$getProvider$2$1$1: loaded 2 times (x 71B)
Class org.jetbrains.kotlin.gradle.plugin.internal.ProjectIsolationStartParameterAccessor$Factory: loaded 2 times (x 66B)
Class org.jetbrains.kotlin.gradle.plugin.statistics.KotlinBuildStatsLoggerService$reportBuildFinished$1: loaded 2 times (x 75B)
Class org.jetbrains.kotlin.gradle.tasks.DefaultKotlinJavaToolchain$javaExecutable$1   : loaded 2 times (x 71B)
Class org.jetbrains.kotlin.build.report.metrics.BuildAttribute                        : loaded 2 times (x 75B)
Class com.google.common.collect.RegularImmutableBiMap                                 : loaded 2 times (x 145B)
Class org.jetbrains.kotlin.gradle.plugin.mpp.compilationImpl.KotlinCompilationRegisterInSourceSetsConfigurator: loaded 2 times (x 70B)
Class org.jetbrains.kotlin.gradle.plugin.mpp.compilationImpl.factory.DefaultKotlinCompilationTaskNamesContainerFactory: loaded 2 times (x 70B)
Class org.jetbrains.kotlin.gradle.plugin.mpp.compilationImpl.DefaultKotlinCompilationFriendPathsResolver$FriendArtifactResolver$Companion: loaded 2 times (x 67B)
Class org.jetbrains.kotlin.gradle.targets.native.internal.CommonizerTasksKt           : loaded 2 times (x 67B)
Class [Lorg.jetbrains.kotlin.gradle.targets.js.npm.NpmDependency$Scope;               : loaded 2 times (x 65B)
Class org.jetbrains.kotlin.gradle.plugin.KotlinCompilerPluginSupportPlugin            : loaded 2 times (x 66B)
Class org.jetbrains.kotlin.gradle.plugin.mpp.AbstractKotlinTarget$components$2        : loaded 2 times (x 75B)
Class org.jetbrains.kotlin.gradle.targets.CreateNonPackedKlibVariantsSideEffectKt$CreateNonPackedKlibVariantsSideEffect$1: loaded 2 times (x 70B)
Class org.jetbrains.kotlin.gradle.plugin.mpp.KotlinUsages$setupAttributesMatchingStrategy$1: loaded 2 times (x 70B)
Class org.jetbrains.kotlin.gradle.plugin.KotlinGradleBuildServices$Companion$registerIfAbsent$2$1$1: loaded 2 times (x 71B)
Class org.jetbrains.kotlin.gradle.internal.diagnostics.AgpCompatibilityCheck$runAgpCompatibilityCheckIfAgpIsApplied$1$1: loaded 2 times (x 71B)
Class org.jetbrains.kotlin.gradle.utils.AndroidPluginIdsKt                            : loaded 2 times (x 67B)
Class org.jetbrains.kotlin.gradle.plugin.KotlinBasePlugin                             : loaded 2 times (x 66B)
Class com.google.common.cache.LocalCache$ValueReference                               : loaded 2 times (x 66B)
Class com.google.common.base.CharMatcher$Negated                                      : loaded 2 times (x 109B)
Class com.google.common.base.CharMatcher$Is                                           : loaded 2 times (x 107B)
Class org.gradle.internal.exceptions.DefaultMultiCauseException                       : loaded 2 times (x 91B)
Class org.jetbrains.kotlin.gradle.tasks.internal.KotlinJvmOptionsCompat               : loaded 2 times (x 97B)
Class org.jetbrains.kotlin.cli.common.arguments.CommonToolArguments                   : loaded 2 times (x 69B)
Class com.google.common.base.PatternCompiler                                          : loaded 2 times (x 66B)
Class org.jetbrains.kotlin.gradle.dsl.abi.AbiFiltersSpec                              : loaded 2 times (x 66B)
Class org.jetbrains.kotlin.gradle.utils.FutureKt                                      : loaded 2 times (x 67B)
Class org.jetbrains.kotlin.gradle.targets.native.internal.PlatformLibrariesGenerator$GeneratedPlatformLibrariesService: loaded 2 times (x 72B)
Class org.jetbrains.kotlin.gradle.logging.GradleLoggingUtilsKt                        : loaded 2 times (x 67B)
Class org.jetbrains.kotlin.gradle.plugin.KotlinAndroidPluginWrapper                   : loaded 2 times (x 82B)
Class com.google.common.util.concurrent.AbstractFuture$Failure                        : loaded 2 times (x 68B)
Class com.google.common.base.Equivalence$Equals                                       : loaded 2 times (x 78B)
Class com.google.common.collect.Hashing                                               : loaded 2 times (x 67B)
Class com.google.common.base.Preconditions                                            : loaded 2 times (x 67B)
Class org.jetbrains.kotlin.compilerRunner.GradleCompilerRunner$Companion              : loaded 2 times (x 67B)
Class com.google.common.base.Joiner$1                                                 : loaded 2 times (x 76B)
Class [Lorg.jetbrains.kotlin.gradle.dsl.PlatformSourceSetConventionsChecker$CheckedPlatformInfo;: loaded 2 times (x 65B)
Class org.jetbrains.kotlin.gradle.plugin.diagnostics.KotlinGradleProjectCheckerContext: loaded 2 times (x 68B)
Class org.jetbrains.kotlin.gradle.plugin.diagnostics.checkers.DuplicateSourceSetChecker: loaded 2 times (x 70B)
Class org.jetbrains.kotlin.gradle.targets.KotlinTargetSideEffect                      : loaded 2 times (x 66B)
Class org.jetbrains.kotlin.gradle.plugin.DefaultKotlinBasePlugin$setupAttributeMatchingStrategy$1$1: loaded 2 times (x 75B)
Class org.jetbrains.kotlin.gradle.plugin.diagnostics.ToolingDiagnosticFactory         : loaded 2 times (x 69B)
Class org.jetbrains.kotlin.statistics.metrics.NumericalMetrics$Companion              : loaded 2 times (x 67B)
Class [Lorg.jetbrains.kotlin.statistics.metrics.NumberAnonymizationPolicy;            : loaded 2 times (x 65B)
Class org.jetbrains.kotlin.statistics.metrics.NumberOverridePolicy$OVERRIDE           : loaded 2 times (x 81B)
Class org.jetbrains.kotlin.gradle.internal.properties.PropertiesBuildService$property$1: loaded 2 times (x 75B)
Class org.objectweb.asm.Label                                                         : loaded 2 times (x 69B)
Class org.objectweb.asm.CurrentFrame                                                  : loaded 2 times (x 69B)
Class org.objectweb.asm.ClassTooLargeException                                        : loaded 2 times (x 79B)
Class com.google.common.base.CharMatcher                                              : loaded 2 times (x 107B)
Class com.google.gson.stream.JsonReader                                               : loaded 2 times (x 93B)
Class com.google.common.collect.PeekingIterator                                       : loaded 2 times (x 66B)
Class org.gradle.internal.time.Time                                                   : loaded 2 times (x 67B)
Class org.jetbrains.kotlin.gradle.tasks.configuration.AbstractKotlinCompileConfig$2$2$1: loaded 2 times (x 71B)
Class org.jetbrains.kotlin.build.report.metrics.BuildAttributes$Companion             : loaded 2 times (x 67B)
Class org.jetbrains.kotlin.gradle.tasks.KotlinCompilationTask                         : loaded 2 times (x 66B)
Class org.jetbrains.kotlin.gradle.plugin.mpp.compilationImpl.factory.KotlinCompilationImplFactory$ProcessResourcesTaskNameFactory: loaded 2 times (x 66B)
Class com.google.common.collect.RangeGwtSerializationDependencies                     : loaded 2 times (x 67B)
Class com.google.common.base.Joiner$2                                                 : loaded 2 times (x 75B)
Class org.jetbrains.kotlin.gradle.internal.properties.PropertiesBuildService$property$2: loaded 2 times (x 75B)
Class org.jetbrains.kotlin.gradle.internal.KotlinDependenciesManagementKt             : loaded 2 times (x 67B)
Class org.jetbrains.kotlin.gradle.plugin.DefaultKotlinBasePlugin$setupAttributeMatchingStrategy$1$2: loaded 2 times (x 75B)
Class org.jetbrains.kotlin.gradle.targets.native.internal.PlatformLibrariesGenerator$Companion: loaded 2 times (x 67B)
Class org.jetbrains.kotlin.gradle.plugin.statistics.KotlinBuildStatsLoggerService     : loaded 2 times (x 68B)
Class org.jetbrains.kotlin.gradle.plugin.internal.CustomPropertiesFileValueSource$Inject: loaded 2 times (x 109B)
Class org.objectweb.asm.Frame                                                         : loaded 2 times (x 69B)
Class org.objectweb.asm.MethodVisitor                                                 : loaded 2 times (x 101B)
Class com.google.common.cache.LocalCache$EntryFactory$1                               : loaded 2 times (x 79B)
Class [Lcom.google.common.cache.RemovalListener;                                      : loaded 2 times (x 65B)
Class com.google.common.base.CharMatcher$NamedFastMatcher                             : loaded 2 times (x 108B)
Class com.google.common.base.CharMatcher$1                                            : loaded 2 times (x 109B)
Class org.jetbrains.kotlin.gradle.plugin.mpp.InternalKotlinTargetKt$special$$inlined$extrasStoredFuture$1: loaded 2 times (x 75B)
Class org.jetbrains.kotlin.tooling.core.ExtrasProperty                                : loaded 2 times (x 66B)
Class org.jetbrains.kotlin.compilerRunner.UsesCompilerSystemPropertiesService         : loaded 2 times (x 66B)
Class org.jetbrains.kotlin.gradle.plugin.mpp.compilationImpl.KotlinCompilationSourceSetInclusion$Companion: loaded 2 times (x 67B)
Class com.google.common.collect.RangeSet                                              : loaded 2 times (x 66B)
Class org.jetbrains.kotlin.konan.target.KonanTarget$WATCHOS_DEVICE_ARM64              : loaded 2 times (x 74B)
Class org.jetbrains.kotlin.gradle.plugin.diagnostics.checkers.MissingNativeStdlibChecker$runChecks$1: loaded 2 times (x 84B)
Class [Lorg.jetbrains.kotlin.gradle.plugin.sources.android.AndroidVariantType;        : loaded 2 times (x 65B)
Class org.jetbrains.kotlin.gradle.plugin.sources.android.AndroidVariantType           : loaded 2 times (x 75B)
Class org.jetbrains.kotlin.gradle.plugin.mpp.KotlinTargetSoftwareComponent            : loaded 2 times (x 85B)
Class org.jetbrains.kotlin.gradle.plugin.mpp.KotlinVariant                            : loaded 2 times (x 97B)
Class org.jetbrains.kotlin.gradle.targets.native.ConfigureFrameworkExportSideEffectKt : loaded 2 times (x 67B)
Class org.jetbrains.kotlin.gradle.utils.WhenPluginEnabledKt                           : loaded 2 times (x 67B)
Class org.jetbrains.kotlin.gradle.plugin.VariantImplementationFactories               : loaded 2 times (x 71B)
Class org.jetbrains.kotlin.gradle.internal.diagnostics.KotlinCompilerEmbeddableCheck  : loaded 2 times (x 67B)
Class com.google.common.cache.LocalCache$EntryFactory$2                               : loaded 2 times (x 79B)
Class org.gradle.api.internal.classpath.GlobalCacheRootsProvider                      : loaded 2 times (x 66B)
Class build_bt0cj1yox62hpbgxe2e7bfw07                                                 : loaded 2 times (x 168B)
Class org.jetbrains.kotlin.tooling.core.Extras$Entry$Companion                        : loaded 2 times (x 67B)
Class com.google.common.collect.CollectCollectors                                     : loaded 2 times (x 67B)
Class org.jetbrains.kotlin.gradle.targets.js.dsl.KotlinWasmWasiTargetDsl              : loaded 2 times (x 66B)
Class org.jetbrains.kotlin.gradle.plugin.diagnostics.checkers.DisabledNativeTargetsChecker: loaded 2 times (x 70B)
Class org.jetbrains.kotlin.gradle.plugin.mpp.compilationImpl.KotlinCreateSourcesJarTaskSideEffectKt$KotlinCreateSourcesJarTaskSideEffect$1: loaded 2 times (x 70B)
Class org.jetbrains.kotlin.gradle.internal.CompilerArgumentAware                      : loaded 2 times (x 66B)
Class org.jetbrains.kotlin.gradle.utils.ReportUtilsKt                                 : loaded 2 times (x 67B)
Class org.jetbrains.kotlin.gradle.utils.StoredLazyProperty                            : loaded 2 times (x 71B)
Class org.objectweb.asm.ModuleWriter                                                  : loaded 2 times (x 78B)
Class com.google.common.cache.LocalCache$EntryFactory$3                               : loaded 2 times (x 79B)
Class com.google.common.base.Ticker$1                                                 : loaded 2 times (x 68B)
Class com.google.common.collect.Maps$BiMapConverter                                   : loaded 2 times (x 86B)
Class com.google.common.collect.ImmutableMapEntrySet$RegularEntrySet                  : loaded 2 times (x 148B)
Class org.gradle.tooling.model.BuildIdentifier                                        : loaded 2 times (x 66B)
Class Native_plugin_loader_gradle$NativePluginLoader                                  : loaded 2 times (x 68B)
Class org.jetbrains.kotlin.gradle.tasks.K2MultiplatformStructure_Decorated            : loaded 2 times (x 127B)
Class org.jetbrains.kotlin.compilerRunner.GradleCompilerRunner                        : loaded 2 times (x 69B)
Class com.google.common.collect.SetMultimap                                           : loaded 2 times (x 66B)
Class org.jetbrains.kotlin.gradle.dsl.AndroidMainSourceSetConventionsChecker$runChecks$1: loaded 2 times (x 84B)
Class org.jetbrains.kotlin.gradle.plugin.sources.FragmentConsistencyChecks            : loaded 2 times (x 68B)
Class org.jetbrains.kotlin.gradle.plugin.mpp.InternalKotlinTargetComponent            : loaded 2 times (x 89B)
Class org.jetbrains.kotlin.gradle.targets.CreateNonPackedKlibVariantsSideEffectKt     : loaded 2 times (x 67B)
Class org.jetbrains.kotlin.gradle.targets.CreateDefaultTestRunSideEffectKt$special$$inlined$KotlinTargetSideEffect$1: loaded 2 times (x 70B)
Class org.jetbrains.kotlin.gradle.utils.ProviderApiUtilsKt                            : loaded 2 times (x 67B)
Class org.jetbrains.kotlin.gradle.plugin.diagnostics.IsAttachedToTerminalValueSource  : loaded 2 times (x 76B)
Class org.jetbrains.kotlin.gradle.targets.native.UsesKonanPropertiesBuildService      : loaded 2 times (x 66B)
Class org.jetbrains.kotlin.gradle.internal.properties.NativePropertiesLoader$forceDisableRunningInProcess$1: loaded 2 times (x 71B)
Class org.jetbrains.kotlin.gradle.internal.tasks.TaskWithLocalState                   : loaded 2 times (x 66B)
Class org.jetbrains.kotlin.gradle.plugin.statistics.KotlinBuildStatisticsUtilsKt      : loaded 2 times (x 67B)
Class org.jetbrains.kotlin.statistics.metrics.BooleanMetrics                          : loaded 2 times (x 76B)
Class org.jetbrains.kotlin.gradle.utils.PersistentCachesKt                            : loaded 2 times (x 67B)
Class org.jetbrains.kotlin.gradle.internal.properties.PropertiesBuildService$Params   : loaded 2 times (x 66B)
Class org.jetbrains.kotlin.gradle.internal.diagnostics.GradleCompatibilityCheck       : loaded 2 times (x 67B)
Class com.google.common.collect.ImmutableSet$Builder                                  : loaded 2 times (x 81B)
Class com.google.common.cache.LocalCache$EntryFactory$4                               : loaded 2 times (x 79B)
Class com.google.common.base.CharMatcher$InRange                                      : loaded 2 times (x 107B)
Class org.jetbrains.kotlin.gradle.plugin.sources.KotlinDependencyScopeKt$WhenMappings : loaded 2 times (x 67B)
Class org.jetbrains.kotlin.gradle.tasks.K2MultiplatformCompilationTask                : loaded 2 times (x 66B)
Class org.jetbrains.kotlin.gradle.plugin.diagnostics.checkers.OverriddenKotlinNativeHomeChecker$StdlibExistenceCheckerValueSource$Inject: loaded 2 times (x 105B)
Class org.jetbrains.kotlin.gradle.utils.ConfigurationsKt$maybeCreateDependencyScope$1 : loaded 2 times (x 74B)
Class org.jetbrains.kotlin.gradle.plugin.sources.FragmentConsistencyChecks$languageVersionCheck$1: loaded 2 times (x 75B)
Class org.jetbrains.kotlin.gradle.plugin.mpp.DecoratedKotlinCompilation               : loaded 2 times (x 191B)
Class org.jetbrains.kotlin.gradle.plugin.diagnostics.checkers.ExperimentalTryNextUsageChecker: loaded 2 times (x 70B)
Class [Lorg.jetbrains.kotlin.gradle.plugin.KotlinPlatformType;                        : loaded 2 times (x 65B)
Class [Lorg.jetbrains.kotlin.gradle.plugin.diagnostics.ToolingDiagnostic$Severity;    : loaded 2 times (x 65B)
Class org.jetbrains.kotlin.gradle.plugin.statistics.UsesBuildFusService               : loaded 2 times (x 66B)
Class org.jetbrains.kotlin.gradle.plugin.statistics.old.Pre232IdeaKotlinBuildStatsBeanService: loaded 2 times (x 91B)
Class org.jetbrains.kotlin.statistics.metrics.NumberOverridePolicy$AVERAGE            : loaded 2 times (x 81B)
Class org.jetbrains.kotlin.gradle.plugin.VariantImplementationFactories$Parameters$Inject: loaded 2 times (x 102B)
Class org.jetbrains.kotlin.gradle.plugin.BuildFinishedListenerService$Companion$registerIfAbsent$1$1: loaded 2 times (x 75B)
Class org.jetbrains.kotlin.gradle.internal.diagnostics.GradleCompatibilityCheck$CurrentGradleVersionProvider: loaded 2 times (x 66B)
Class com.google.common.cache.LocalCache$EntryFactory$5                               : loaded 2 times (x 79B)
Class org.jetbrains.kotlin.statistics.AnonymizerUtilsKt                               : loaded 2 times (x 67B)
Class org.jetbrains.kotlin.gradle.plugin.mpp.MppSourcesJarKt$sourcesJarTaskNamed$result$1: loaded 2 times (x 75B)
Class org.jetbrains.kotlin.gradle.tasks.configuration.BaseKotlinCompileConfig$1       : loaded 2 times (x 75B)
Class org.jetbrains.kotlin.gradle.plugin.mpp.compilationImpl.factory.ConfigurationNaming$Default: loaded 2 times (x 71B)
Class org.jetbrains.kotlin.gradle.plugin.mpp.compilationImpl.KotlinCompilationSourceSetInclusion: loaded 2 times (x 68B)
Class org.jetbrains.kotlin.gradle.targets.jvm.KotlinJvmTarget                         : loaded 2 times (x 162B)
Class org.jetbrains.kotlin.gradle.targets.js.dsl.KotlinWasmJsTargetDsl                : loaded 2 times (x 66B)
Class org.jetbrains.kotlin.gradle.plugin.diagnostics.checkers.DisabledNativeTargetsChecker$runChecks$1: loaded 2 times (x 84B)
Class org.jetbrains.kotlin.gradle.plugin.KotlinPluginLifecycleImpl$await$2$1          : loaded 2 times (x 75B)
Class org.jetbrains.kotlin.gradle.plugin.sources.DefaultLanguageSettingsBuilder       : loaded 2 times (x 96B)
Class org.jetbrains.kotlin.gradle.plugin.sources.FragmentConsistencyChecks$languageVersionCheck$2: loaded 2 times (x 74B)
Class org.jetbrains.kotlin.gradle.targets.CreateTargetConfigurationsSideEffectKt$CreateTargetConfigurationsSideEffect$1: loaded 2 times (x 70B)
Class org.jetbrains.kotlin.gradle.dsl.KotlinPublishingDsl                             : loaded 2 times (x 66B)
Class org.jetbrains.kotlin.gradle.dsl.KotlinTargetContainerWithPresetFunctions        : loaded 2 times (x 66B)
Class org.jetbrains.kotlin.gradle.plugin.diagnostics.ToolingDiagnosticRenderingOptionsKt$WhenMappings: loaded 2 times (x 67B)
Class org.jetbrains.kotlin.gradle.utils.GradleConfigurationUtilsKt                    : loaded 2 times (x 67B)
Class org.jetbrains.kotlin.gradle.plugin.internal.CustomPropertiesFileValueSource$Parameters: loaded 2 times (x 66B)
Class org.jetbrains.kotlin.gradle.plugin.UsesBuildFinishedListenerService             : loaded 2 times (x 66B)
Class com.google.common.cache.LocalCache$EntryFactory$6                               : loaded 2 times (x 79B)
Class org.gradle.internal.time.Timer                                                  : loaded 2 times (x 66B)
Class org.gradle.internal.installation.CurrentGradleInstallationLocator               : loaded 2 times (x 67B)
Class build_65m0nsf3sw8q35hnp929jma6o                                                 : loaded 2 times (x 168B)
Class org.jetbrains.kotlin.statistics.metrics.SumMetricContainer                      : loaded 2 times (x 76B)
Class org.jetbrains.kotlin.gradle.tasks.DefaultKotlinJavaToolchain$getToolsJarFromJvm$1: loaded 2 times (x 71B)
Class org.jetbrains.kotlin.build.report.metrics.GcMetrics                             : loaded 2 times (x 68B)
Class org.jetbrains.kotlin.gradle.plugin.diagnostics.UsesKotlinToolingDiagnosticsKt   : loaded 2 times (x 67B)
Class org.jetbrains.kotlin.gradle.tasks.configuration.BaseKotlinCompileConfig$2       : loaded 2 times (x 75B)
Class com.google.common.collect.Maps$KeySet                                           : loaded 2 times (x 133B)
Class org.jetbrains.kotlin.gradle.plugin.mpp.InternalKotlinCompilation                : loaded 2 times (x 66B)
Class org.jetbrains.kotlin.gradle.utils.WhenEvaluatedKt                               : loaded 2 times (x 67B)
Class org.jetbrains.kotlin.konan.target.KonanTarget$IOS_X64                           : loaded 2 times (x 74B)
Class org.jetbrains.kotlin.gradle.targets.native.internal.AddKotlinPlatformIntegersSupportLibraryKt: loaded 2 times (x 67B)
Class org.jetbrains.kotlin.gradle.plugin.AbstractKotlinJsPluginWrapper                : loaded 2 times (x 82B)
Class org.jetbrains.kotlin.gradle.internal.IsInIdeaEnvironmentValueSource$Inject      : loaded 2 times (x 96B)
Class org.jetbrains.kotlin.gradle.plugin.internal.MavenPublicationComponentAccessor   : loaded 2 times (x 66B)
Class org.jetbrains.kotlin.gradle.fus.BuildUidService                                 : loaded 2 times (x 76B)
Class org.jetbrains.kotlin.gradle.plugin.KotlinPluginWrapperKt                        : loaded 2 times (x 67B)
Class com.google.common.collect.ImmutableSet$EmptySetBuilderImpl                      : loaded 2 times (x 72B)
Class com.google.common.cache.LocalCache$EntryFactory$7                               : loaded 2 times (x 79B)
Class com.google.common.collect.ImmutableList                                         : loaded 2 times (x 202B)
Class org.gradle.internal.service.DefaultServiceLocator                               : loaded 2 times (x 79B)
Class org.jetbrains.kotlin.gradle.tasks.configuration.BaseKotlinCompileConfig$1$1$1   : loaded 2 times (x 71B)
Class org.jetbrains.kotlin.gradle.tasks.KotlinCompile$scriptExtensions$1              : loaded 2 times (x 75B)
Class org.jetbrains.kotlin.gradle.tasks.K2MultiplatformStructure$Fragment             : loaded 2 times (x 68B)
Class org.jetbrains.kotlin.compilerRunner.CompilerSystemPropertiesService$Companion$registerIfAbsent$1: loaded 2 times (x 71B)
Class org.jetbrains.kotlin.util.capitalizeDecapitalize.CapitalizeDecapitalizeKt       : loaded 2 times (x 67B)
Class org.jetbrains.kotlin.gradle.plugin.diagnostics.checkers.WasmJsEnvironmentChecker: loaded 2 times (x 72B)
Class org.jetbrains.kotlin.gradle.plugin.diagnostics.checkers.AndroidPluginWithoutAndroidTargetChecker: loaded 2 times (x 70B)
Class org.jetbrains.kotlin.gradle.plugin.statistics.FlowActionBuildFusService$getConfigurationTimeMetrics$1: loaded 2 times (x 71B)
Class org.jetbrains.kotlin.gradle.plugin.statistics.SynchronizedMetricsContainer      : loaded 2 times (x 78B)
Class org.jetbrains.kotlin.statistics.metrics.NumberOverridePolicy                    : loaded 2 times (x 81B)
Class org.jetbrains.kotlin.statistics.metrics.StringAnonymizationPolicy$AllowedListAnonymizer$Companion: loaded 2 times (x 67B)
Class org.jetbrains.kotlin.gradle.plugin.internal.DefaultProjectIsolationStartParameterAccessor_Decorated: loaded 2 times (x 117B)
Class org.jetbrains.kotlin.gradle.plugin.internal.ProjectIsolationStartParameterAccessorKt: loaded 2 times (x 67B)
Class org.jetbrains.kotlin.gradle.testing.internal.KotlinTestsRegistry                : loaded 2 times (x 68B)
Class com.google.common.cache.LocalCache$EntryFactory$8                               : loaded 2 times (x 79B)
Class com.google.common.collect.ImmutableSet$SetBuilderImpl                           : loaded 2 times (x 72B)
Class org.gradle.util.GradleVersion                                                   : loaded 2 times (x 77B)
Class org.gradle.internal.installation.CurrentGradleInstallation                      : loaded 2 times (x 69B)
Class org.jetbrains.kotlin.gradle.tasks.configuration.BaseKotlinCompileConfig$1$1$2   : loaded 2 times (x 71B)
Class org.jetbrains.kotlin.gradle.plugin.mpp.InternalKotlinCompilationKt$awaitAllKotlinSourceSets$1: loaded 2 times (x 84B)
Class org.jetbrains.kotlin.gradle.tasks.KotlinCompilerExecutionStrategy               : loaded 2 times (x 75B)
Class org.jetbrains.kotlin.gradle.plugin.sources.DefaultKotlinSourceSet$special$$inlined$Iterable$1: loaded 2 times (x 75B)
Class org.jetbrains.kotlin.gradle.plugin.mpp.compilationImpl.factory.KotlinCompilationImplFactory$KotlinCompilerOptionsFactory$Options: loaded 2 times (x 68B)
Class org.jetbrains.kotlin.gradle.plugin.statistics.FusMetrics                        : loaded 2 times (x 66B)
Class org.jetbrains.kotlin.gradle.plugin.KotlinCompilation                            : loaded 2 times (x 66B)
Class org.jetbrains.kotlin.gradle.plugin.diagnostics.ToolingDiagnosticRenderingOptionsKt: loaded 2 times (x 67B)
Class org.jetbrains.kotlin.gradle.tasks.publishing.HelpersKt                          : loaded 2 times (x 67B)
Class org.jetbrains.kotlin.gradle.plugin.KotlinTargetConfiguratorKt                   : loaded 2 times (x 67B)
Class org.jetbrains.kotlin.gradle.targets.native.internal.PlatformLibrariesGenerator  : loaded 2 times (x 68B)
Class org.jetbrains.kotlin.tooling.core.Extras$Type$Companion                         : loaded 2 times (x 67B)
Class com.google.common.cache.CacheLoader$1                                           : loaded 2 times (x 71B)
Class com.google.common.collect.ImmutableList$SubList                                 : loaded 2 times (x 205B)
Class org.gradle.util.internal.GUtil                                                  : loaded 2 times (x 67B)
Class org.jetbrains.kotlin.gradle.tasks.configuration.BaseKotlinCompileConfig$1$1$3   : loaded 2 times (x 71B)
Class org.jetbrains.kotlin.gradle.plugin.mpp.InternalKotlinTargetKt$isSourcesPublishableFuture$2: loaded 2 times (x 91B)
Class org.jetbrains.kotlin.gradle.plugin.mpp.KotlinCompilationFactory                 : loaded 2 times (x 66B)
Class org.jetbrains.kotlin.gradle.dsl.IosSourceSetConventionChecker$runChecks$1       : loaded 2 times (x 84B)
Class org.jetbrains.kotlin.gradle.plugin.mpp.AbstractKotlinCompilation                : loaded 2 times (x 191B)
Class org.jetbrains.kotlin.gradle.plugin.diagnostics.checkers.UnusedSourceSetsChecker : loaded 2 times (x 70B)
Class org.jetbrains.kotlin.gradle.utils.Future                                        : loaded 2 times (x 66B)
Class org.jetbrains.kotlin.gradle.plugin.statistics.KotlinBuildStatsConfiguration$Companion: loaded 2 times (x 67B)
Class com.google.common.cache.AbstractCache$StatsCounter                              : loaded 2 times (x 66B)
Class _20635231e9ace422b77ce399f3960_5x3zivke4u3yn5xarehwhb343                        : loaded 2 times (x 167B)
Class org.jetbrains.kotlin.gradle.plugin.attributes.KlibPackaging                     : loaded 2 times (x 66B)
Class org.jetbrains.kotlin.gradle.plugin.mpp.KotlinTargetSoftwareComponentImplKt      : loaded 2 times (x 67B)
Class org.jetbrains.kotlin.gradle.targets.js.dsl.KotlinJsSubTargetContainerDsl        : loaded 2 times (x 66B)
Class org.jetbrains.kotlin.tooling.core.MutableExtrasImpl$Companion                   : loaded 2 times (x 67B)
Class org.jetbrains.kotlin.gradle.internal.ClassLoadersCachingBuildService$Parameters : loaded 2 times (x 66B)
Class org.jetbrains.kotlin.gradle.plugin.KotlinGradleBuildServices$Companion$registerIfAbsent$1: loaded 2 times (x 71B)
Class org.jetbrains.kotlin.statistics.fileloggers.MetricsContainer                    : loaded 2 times (x 73B)
Class org.jetbrains.kotlin.gradle.plugin.internal.ProjectIsolationStartParameterAccessor: loaded 2 times (x 66B)
Class org.jetbrains.kotlin.gradle.utils.StoredProperty                                : loaded 2 times (x 66B)
Class com.google.common.collect.Iterators$MergingIterator                             : loaded 2 times (x 77B)
Class com.google.common.collect.RegularImmutableSet                                   : loaded 2 times (x 145B)
Class org.gradle.tooling.GradleConnectionException                                    : loaded 2 times (x 79B)
Class org.gradle.internal.installation.GradleInstallation                             : loaded 2 times (x 71B)
Class org.jetbrains.kotlin.gradle.dsl.KotlinJvmCompile$DefaultImpls                   : loaded 2 times (x 67B)
Class org.jetbrains.kotlin.gradle.plugin.mpp.compilationImpl.factory.KotlinCompilationImplFactory$create$1: loaded 2 times (x 71B)
Class org.jetbrains.kotlin.gradle.tasks.KotlinJavaToolchain                           : loaded 2 times (x 66B)
Class org.jetbrains.kotlin.gradle.plugin.statistics.FlowActionBuildFusService$Inject  : loaded 2 times (x 100B)
Class org.jetbrains.kotlin.statistics.metrics.BooleanMetrics$Companion                : loaded 2 times (x 67B)
Class org.jetbrains.kotlin.gradle.plugin.internal.CompatibilityConventionRegistrar    : loaded 2 times (x 66B)
Class org.jetbrains.kotlin.gradle.plugin.AndroidGradlePluginVersion                   : loaded 2 times (x 71B)
Class com.google.common.collect.Iterables                                             : loaded 2 times (x 67B)
Class com.microsoft.gradle.api.GradleMethod                                           : loaded 2 times (x 66B)
Class org.jetbrains.kotlin.gradle.plugin.mpp.KotlinJvmCompilation                     : loaded 2 times (x 200B)
Class org.jetbrains.kotlin.gradle.plugin.KotlinCompilation$Companion                  : loaded 2 times (x 67B)
Class org.jetbrains.kotlin.konan.target.KonanTarget$WATCHOS_ARM64                     : loaded 2 times (x 74B)
Class org.jetbrains.kotlin.gradle.plugin.diagnostics.checkers.OverriddenKotlinNativeHomeChecker: loaded 2 times (x 70B)
Class org.jetbrains.kotlin.gradle.artifacts.KotlinJvmJarArtifactKt$KotlinJvmJarArtifact$1: loaded 2 times (x 70B)
Class org.jetbrains.kotlin.gradle.targets.native.SetupEmbedAndSignAppleFrameworkTaskSideEffectKt: loaded 2 times (x 67B)
Class org.jetbrains.kotlin.gradle.plugin.KotlinProjectSetupActionKt$KotlinProjectSetupCoroutine$1: loaded 2 times (x 71B)
Class org.jetbrains.kotlin.gradle.dsl.ToolchainSupport$Companion                      : loaded 2 times (x 67B)
Class org.jetbrains.kotlin.gradle.plugin.KotlinSourceSet                              : loaded 2 times (x 66B)
Class org.jetbrains.kotlin.konan.target.KonanTarget$MACOS_ARM64                       : loaded 2 times (x 74B)

---------------  S Y S T E M  ---------------

OS:
 Windows 11 , 64 bit Build 22621 (10.0.22621.3958)
OS uptime: 3 days 18:26 hours
Hyper-V role detected

CPU: total 20 (initial active 20) (10 cores per cpu, 2 threads per core) family 6 model 165 stepping 5 microcode 0xe0, cx8, cmov, fxsr, ht, mmx, 3dnowpref, sse, sse2, sse3, ssse3, sse4.1, sse4.2, popcnt, lzcnt, tsc, tscinvbit, avx, avx2, aes, erms, clmul, bmi1, bmi2, adx, fma, vzeroupper, clflush, clflushopt, hv, rdtscp, f16c
Processor Information for all 20 processors :
  Max Mhz: 3696, Current Mhz: 3696, Mhz Limit: 3696

Memory: 4k page, system-wide physical 32687M (4178M free)
TotalPageFile size 42927M (AvailPageFile size 332M)
current process WorkingSet (physical memory assigned to process): 882M, peak: 887M
current process commit charge ("private bytes"): 1087M, peak: 1512M

vm_info: OpenJDK 64-Bit Server VM (21.0.5+-12932927-b750.29) for windows-amd64 JRE (21.0.5+-12932927-b750.29), built on 2025-01-17T02:01:10Z by "builder" with MS VC++ 16.10 / 16.11 (VS2019)

END.
